Country,ISO,region,Score,Rank,range
Iceland,ISL,WE/EU,9.7,1,9.5 - 9.7
Finland,FIN,WE/EU,9.6,2,9.5 - 9.7
New Zealand,NZL,AP,9.6,2,9.5 - 9.7
Denmark,DNK,WE/EU,9.5,4,9.3 - 9.6
Singapore,SGP,AP,9.4,5,9.3 - 9.5
Sweden,SWE,WE/EU,9.2,6,9.0 - 9.3
Switzerland,CHE,WE/EU,9.1,7,8.9 - 9.2
Norway,NOR,WE/EU,8.9,8,8.5 - 9.1
Australia,AUS,AP,8.8,9,8.4 - 9.1
Austria,AUT,WE/EU,8.7,10,8.4 - 9.0
Netherlands,NLD,WE/EU,8.6,11,8.3 - 8.9
United Kingdom,GBR,WE/EU,8.6,11,8.3 - 8.8
Luxembourg,LUX,WE/EU,8.5,13,8.1 - 8.9
Canada,CAN,AME,8.4,14,7.9 - 8.8
Hong Kong,HKG,AP,8.3,15,7.7 - 8.7
Germany,DEU,WE/EU,8.2,16,7.9 - 8.5
USA,USA,AME,7.6,17,7.0 - 8.0
France,FRA,WE/EU,7.5,18,7.0 - 7.8
Belgium,BEL,WE/EU,7.4,19,6.9 - 7.9
Ireland,IRL,WE/EU,7.4,19,6.9 - 7.9
Chile,CHL,AME,7.3,21,6.8 - 7.7
Japan,JPN,AP,7.3,21,6.7 - 7.8
Spain,ESP,WE/EU,7,23,6.6 - 7.4
Barbados,BRB,AME,6.9,24,5.7 - 7.3
Malta,MLT,WE/EU,6.6,25,5.4 - 7.7
Portugal,PRT,WE/EU,6.5,26,5.9 - 7.1
Estonia,EST,WE/EU,6.4,27,6.0 - 7.0
Israel,ISR,MENA,6.3,28,5.7 - 6.9
Oman,OMN,MENA,6.3,28,5.2 - 7.3
United Arab Emirates,ARE,MENA,6.2,30,5.3 - 7.1
Slovenia,SVN,WE/EU,6.1,31,5.7 - 6.8
Botswana,BWA,SSA,5.9,32,5.1 - 6.7
Qatar,QAT,MENA,5.9,32,5.6 - 6.4
Taiwan,TWN,AP,5.9,32,5.4 - 6.3
Uruguay,URY,AME,5.9,32,5.6 - 6.4
Bahrain,BHR,MENA,5.8,36,5.3 - 6.3
Cyprus,CYP,WE/EU,5.7,37,5.3 - 6.0
Jordan,JOR,MENA,5.7,37,5.1 - 6.1
Malaysia,MYS,AP,5.1,39,4.6 - 5.6
Hungary,HUN,WE/EU,5,40,4.7 - 5.2
Italy,ITA,WE/EU,5,40,4.6 - 5.4
South Korea,KOR,AP,5,40,4.6 - 5.3
Tunisia,TUN,MENA,4.9,43,4.4 - 5.6
Lithuania,LTU,WE/EU,4.8,44,4.5 - 5.1
Kuwait,KWT,MENA,4.7,45,4.0 - 5.2
South Africa,ZAF,SSA,4.5,46,4.2 - 4.8
Czech Republic,CZE,WE/EU,4.3,47,3.7 - 5.1
Greece,GRC,WE/EU,4.3,47,3.9 - 4.7
Namibia,NAM,SSA,4.3,47,3.8 - 4.9
Slovakia,SVK,WE/EU,4.3,47,3.8 - 4.8
Costa Rica,CRI,AME,4.2,51,3.7 - 4.7
El Salvador,SLV,AME,4.2,51,3.5 - 4.8
Latvia,LVA,WE/EU,4.2,51,3.8 - 4.6
Mauritius,MUS,SSA,4.2,51,3.4 - 5.0
Bulgaria,BGR,WE/EU,4,55,3.4 - 4.6
Colombia,COL,AME,4,55,3.6 - 4.4
Fiji,FJI,AP,4,55,3.4 - 4.6
Seychelles,SYC,SSA,4,55,3.5 - 4.2
Cuba,CUB,AME,3.8,59,2.3 - 4.7
Thailand,THA,AP,"3.8",59,3.5 - 4.1
Trinidad and Tobago,TTO,AME,"3.8",59,3.3 - 4.5
Belize,BLZ,AME,3.7,62,3.4 - 4.1
Brazil,BRA,AME,"3.7",62,3.5 - 3.9
Jamaica,JAM,AME,3.6,64,3.4 - 3.8
Ghana,GHA,SSA,3.5,65,3.2 - 4.0
Mexico,MEX,AME,3.5,65,3.3 - 3.7
Panama,PAN,AME,3.5,65,3.1 - 4.1
Peru,PER,AME,3.5,65,3.1 - 3.8
Turkey,TUR,ECA,3.5,65,3.1 - 4.0
Burkina Faso,BFA,SSA,3.4,70,2.7 - 3.9
Croatia,HRV,WE/EU,3.4,70,3.2 - 3.7
Egypt,EGY,MENA,3.4,70,3.0 - 3.9
Lesotho,LSO,SSA,3.4,70,2.6 - 3.9
Poland,POL,WE/EU,3.4,70,3.0 - 3.9
Saudi Arabia,SAU,MENA,3.4,70,2.7 - 4.1
Syria,SYR,MENA,3.4,70,2.8 - 4.2
Laos,LAO,AP,3.3,77,2.1 - 4.4
China,CHN,AP,3.2,78,2.9 - 3.5
Morocco,MAR,MENA,3.2,78,2.8 - 3.6
Senegal,SEN,SSA,3.2,78,2.8 - 3.6
Sri Lanka,LKA,AP,3.2,78,2.7 - 3.6
Suriname,SUR,AME,3.2,78,2.2 - 3.6
Lebanon,LBN,MENA,3.1,83,2.7 - 3.3
Rwanda,RWA,SSA,3.1,83,2.1 - 4.1
Dominican Republic,DOM,AME,3,85,2.5 - 3.6
Mongolia,MNG,AP,3,85,2.4 - 3.6
Romania,ROU,WE/EU,3,85,2.6 - 3.5
Armenia,ARM,ECA,2.9,88,2.5 - 3.2
Benin,BEN,SSA,2.9,88,2.1 - 4.0
Bosnia and Herzegovina,BIH,ECA,2.9,88,2.7 - 3.1
Gabon,GAB,SSA,2.9,88,2.1 - 3.6
India,IND,AP,2.9,88,2.7 - 3.1
Iran,IRN,MENA,2.9,88,2.3 - 3.3
Mali,MLI,SSA,2.9,88,2.3 - 3.6
Moldova,MDA,ECA,2.9,88,2.3 - 3.7
Tanzania,TZA,SSA,2.9,88,2.6 - 3.1
Algeria,DZA,MENA,2.8,97,2.5 - 3.3
Argentina,ARG,AME,2.8,97,2.5 - 3.1
Madagascar,MDG,SSA,2.8,97,1.9 - 3.7
Malawi,MWI,SSA,2.8,97,2.3 - 3.4
Mozambique,MOZ,SSA,2.8,97,2.4 - 3.1
Serbia and Montenegro,SRB,ECA,2.8,97,2.5 - 3.3
Gambia,GMB,SSA,2.7,103,2.3 - 3.1
Macedonia,MKD,ECA,2.7,103,2.4 - 3.2
Swaziland,SWZ,AME,2.7,103,2.0 - 3.1
Yemen,YEM,MENA,2.7,103,2.4 - 3.2
Belarus,BLR,ECA,2.6,107,1.9 - 3.8
Eritrea,ERI,SSA,2.6,107,1.7 - 3.5
Honduras,HND,AME,2.6,107,2.2 - 3.0
Kazakhstan,KAZ,ECA,2.6,107,2.2 - 3.2
Nicaragua,NIC,AME,2.6,107,2.4 - 2.8
Palestine,PSE,MENA,2.6,107,2.1 - 2.8
Ukraine,UKR,ECA,2.6,107,2.4 - 2.8
Vietnam,VNM,AP,2.6,107,2.3 - 2.9
Zambia,ZMB,SSA,2.6,107,2.3 - 2.9
Zimbabwe,ZWE,SSA,2.6,107,2.1 - 3.0
Afghanistan,AFG,AP,2.5,117,1.6 - 3.2
Bolivia,BOL,AME,2.5,117,2.3 - 2.9
Ecuador,ECU,AME,2.5,117,2.2 - 2.9
Guatemala,GTM,AME,2.5,117,2.1 - 2.8
Guyana,GUY,AME,2.5,117,2.0 - 2.7
Libya,LBY,MENA,2.5,117,2.0 - 3.0
Nepal,NPL,AP,2.5,117,1.9 - 3.0
Philippines,PHL,AP,2.5,117,2.3 - 2.8
Uganda,UGA,SSA,2.5,117,2.2 - 2.8
Albania,ALB,ECA,2.4,126,2.1 - 2.7
Niger,NER,SSA,2.4,126,2.2 - 2.6
Russia,RUS,ECA,2.4,126,2.3 - 2.6
Sierra Leone,SLE,SSA,2.4,126,2.1 - 2.7
Burundi,BDI,SSA,2.3,130,2.1 - 2.5
Cambodia,KHM,AP,2.3,130,1.9 - 2.5
"Congo, Republic of",COG,SSA,2.3,130,2.1 - 2.6
Georgia,GEO,ECA,2.3,130,2.0 - 2.6
Kyrgyzstan,KGZ,ECA,2.3,130,2.1 - 2.5
Papua New Guinea,PNG,AP,2.3,130,1.9 - 2.6
Venezuela,VEN,AME,2.3,130,2.2 -2.4
Azerbaijan,AZE,ECA,2.2,137,1.9 - 2.5
Cameroon,CMR,SSA,2.2,137,2.0 - 2.5
Ethiopia,ETH,SSA,2.2,137,2.0 - 2.5
Indonesia,IDN,AP,2.2,137,2.1 - 2.5
Iraq,IRQ,MENA,2.2,137,1.5 - 2.9
Liberia,LBR,SSA,2.2,137,2.1 - 2.3
Uzbekistan,UZB,ECA,2.2,137,2.1 - 2.4
"Congo, Democratic Republic",COD,SSA,2.1,144,1.8 - 2.3
Kenya,KEN,SSA,2.1,144,1.8 - 2.4
Pakistan,PAK,AP,2.1,144,1.7 - 2.6
Paraguay,PRY,AME,2.1,144,1.9 - 2.3
Somalia,SOM,SSA,2.1,144,1.6 - 2.2
Sudan,SDN,SSA,2.1,144,1.9 - 2.2
Tajikistan,TJK,ECA,2.1,144,1.9 - 2.4
Angola,AGO,SSA,2,151,1.8 - 2.1
Cote d'Ivoire,CIV,SSA,1.9,152,1.7 - 2.1
Equatorial Guinea,GNQ,SSA,1.9,152,1.6 - 2.1
Nigeria,NGA,SSA,1.9,152,1.7 - 2.0
Haiti,HTI,AME,1.8,155,1.5 - 2.1
Myanmar,MMR,AP,1.8,155,1.7 - 2.0
Turkmenistan,TKM,ECA,1.8,155,1.7 - 2.0
Bangladesh,BGD,AP,1.7,158,1.4 - 2.0
Chad,TCD,SSA,1.7,158,1.3 - 2.1