REGISTRY,YEAR,SEX,CANCER,TOTAL,N0_4,N5_9,N10_14,N15_19,N20_24,N25_29,N30_34,N35_39,N40_44,N45_49,N50_54,N55_59,N60_64,N65_69,N70_74,N75_79,N80_84,N85+,N_UNK
80000200,1993,1, 1,420,30,18,11,8,29,46,58,37,28,21,28,16,23,24,12,14,7,1,9
80000200,1993,1, 2,12,0,1,0,0,1,0,0,1,3,2,1,1,1,1,0,0,0,0,0
80000200,1993,1, 3,21,0,0,0,0,0,0,0,0,2,2,5,2,5,2,0,2,0,1,0
80000200,1993,1, 4,14,0,0,0,1,1,1,0,0,2,2,2,1,3,1,0,0,0,0,0
80000200,1993,1, 5,6,0,0,0,0,0,0,1,0,0,1,0,0,1,1,0,0,2,0,0
80000200,1993,1, 6,5,0,0,0,0,0,0,0,2,1,1,0,0,0,1,0,0,0,0,0
80000200,1993,1, 7,16,0,0,0,0,2,2,2,4,2,0,1,3,0,0,0,0,0,0,0
80000200,1993,1, 8,0,0,0,0,0,0,0,0,0,0,0,0,0,0,0,0,0,0,0,0
80000200,1993,1, 9,0,0,0,0,0,0,0,0,0,0,0,0,0,0,0,0,0,0,0,0
80000200,1993,1,10,2,0,0,0,0,0,0,0,0,0,1,1,0,0,0,0,0,0,0,0
80000200,1993,1,11,10,0,0,0,0,0,0,0,3,1,0,2,0,1,2,1,0,0,0,0
80000200,1993,1,12,9,0,1,0,2,1,0,1,0,0,0,1,1,0,0,1,1,0,0,0
80000200,1993,1,13,2,0,0,0,0,0,0,0,0,0,1,1,0,0,0,0,0,0,0,0
80000200,1993,1,14,7,0,1,2,0,0,0,1,0,1,1,0,1,0,0,0,0,0,0,0
80000200,1993,1,15,0,0,0,0,0,0,0,0,0,0,0,0,0,0,0,0,0,0,0,0
80000200,1993,1,16,0,0,0,0,0,0,0,0,0,0,0,0,0,0,0,0,0,0,0,0
80000200,1993,1,17,0,0,0,0,0,0,0,0,0,0,0,0,0,0,0,0,0,0,0,0
80000200,1993,1,18,0,0,0,0,0,0,0,0,0,0,0,0,0,0,0,0,0,0,0,0
80000200,1993,1,19,46,0,0,0,0,0,0,0,0,1,3,4,1,7,10,5,10,4,0,1
80000200,1993,1,20,1,0,0,0,0,0,0,0,0,0,0,0,0,1,0,0,0,0,0,0
80000200,1993,1,21,4,2,0,0,0,0,0,1,0,0,0,0,0,0,1,0,0,0,0,0
80000200,1993,1,22,4,0,0,0,0,0,0,1,0,0,1,0,0,2,0,0,0,0,0,0
80000200,1993,1,23,15,4,1,1,1,3,1,2,0,1,1,0,0,0,0,0,0,0,0,0
80000200,1993,1,24,1,0,0,0,0,0,0,0,0,0,0,0,0,1,0,0,0,0,0,0
80000200,1993,1,25,1,0,0,0,0,0,1,0,0,0,0,0,0,0,0,0,0,0,0,0
80000200,1993,1,26,3,0,1,0,1,0,0,0,0,0,0,0,0,1,0,0,0,0,0,0
80000200,1993,1,27,20,9,3,2,0,2,1,1,1,0,0,1,0,0,0,0,0,0,0,0
80000200,1993,1,28,1,0,0,0,0,0,0,1,0,0,0,0,0,0,0,0,0,0,0,0
80000200,1993,1,29,4,0,1,1,1,0,0,1,0,0,0,0,0,0,0,0,0,0,0,0
80000200,1993,2, 1,389,17,9,8,16,39,55,41,34,32,29,24,14,26,7,16,4,2,6,10
80000200,1993,2, 2,13,0,0,0,0,1,1,0,3,0,2,1,0,4,0,1,0,0,0,0
80000200,1993,2, 3,10,0,0,0,0,0,0,0,0,2,0,2,0,3,0,0,2,1,0,0
80000200,1993,2, 4,11,0,0,0,0,0,0,2,2,1,0,2,0,3,0,1,0,0,0,0
80000200,1993,2, 5,8,0,0,0,0,0,0,0,0,0,4,1,1,1,0,1,0,0,0,0
80000200,1993,2, 6,8,0,0,0,0,1,1,1,1,1,0,2,0,0,0,1,0,0,0,0
80000200,1993,2, 7,12,0,0,0,1,0,1,2,1,3,0,1,0,0,1,1,0,0,0,1
80000200,1993,2, 8,0,0,0,0,0,0,0,0,0,0,0,0,0,0,0,0,0,0,0,0
80000200,1993,2, 9,1,0,0,0,0,0,0,0,0,0,0,0,0,1,0,0,0,0,0,0
80000200,1993,2,10,4,0,0,0,0,0,0,1,0,0,1,0,0,0,2,0,0,0,0,0
80000200,1993,2,11,2,0,0,0,0,1,0,0,0,0,0,0,0,0,0,0,0,0,0,1
80000200,1993,2,12,3,0,0,0,0,0,1,0,1,0,0,0,0,0,0,1,0,0,0,0
80000200,1993,2,13,2,0,0,0,0,0,0,0,0,0,0,0,1,0,0,0,0,0,1,0
80000200,1993,2,14,8,1,0,2,1,1,1,1,1,0,0,0,0,0,0,0,0,0,0,0
80000200,1993,2,15,40,0,0,0,1,3,3,3,3,4,7,5,2,4,0,4,0,1,0,0
80000200,1993,2,16,68,0,0,0,0,3,3,9,9,12,9,5,2,6,2,2,1,0,3,2
80000200,1993,2,17,5,0,0,0,0,0,0,1,1,0,2,0,1,0,0,0,0,0,0,0
80000200,1993,2,18,16,0,2,1,2,0,1,3,0,1,1,1,2,1,0,1,0,0,0,0
80000200,1993,2,19,0,0,0,0,0,0,0,0,0,0,0,0,0,0,0,0,0,0,0,0
80000200,1993,2,20,0,0,0,0,0,0,0,0,0,0,0,0,0,0,0,0,0,0,0,0
80000200,1993,2,21,8,3,0,0,1,0,1,1,0,1,0,0,1,0,0,0,0,0,0,0
80000200,1993,2,22,0,0,0,0,0,0,0,0,0,0,0,0,0,0,0,0,0,0,0,0
80000200,1993,2,23,10,2,0,0,1,1,2,0,1,2,0,0,0,0,0,0,0,0,0,1
80000200,1993,2,24,0,0,0,0,0,0,0,0,0,0,0,0,0,0,0,0,0,0,0,0
80000200,1993,2,25,9,0,0,1,0,0,1,0,1,1,0,0,2,1,0,1,0,0,0,1
80000200,1993,2,26,5,0,0,0,1,0,3,1,0,0,0,0,0,0,0,0,0,0,0,0
80000200,1993,2,27,16,2,5,2,1,2,2,1,0,0,0,0,0,0,0,0,0,0,0,1
80000200,1993,2,28,1,0,0,0,0,0,0,0,0,0,0,0,0,1,0,0,0,0,0,0
80000200,1993,2,29,3,0,0,0,1,1,0,0,0,0,0,0,0,1,0,0,0,0,0,0
80000200,1994,1, 1,354,14,14,11,7,20,35,56,46,26,12,19,16,14,9,16,13,12,6,8
80000200,1994,1, 2,9,0,0,1,1,0,1,0,1,0,0,1,1,0,0,1,0,0,0,2
80000200,1994,1, 3,17,0,0,0,0,0,0,0,1,2,1,5,1,1,0,2,3,1,0,0
80000200,1994,1, 4,6,0,0,0,0,0,0,2,0,0,1,0,0,1,0,0,1,0,1,0
80000200,1994,1, 5,11,0,0,0,0,0,1,0,1,1,0,1,1,1,0,1,2,0,2,0
80000200,1994,1, 6,8,0,0,0,0,0,0,1,0,2,0,1,1,1,0,0,1,0,1,0
80000200,1994,1, 7,16,0,0,1,0,1,1,0,2,1,1,2,1,1,0,3,0,1,0,1
80000200,1994,1, 8,0,0,0,0,0,0,0,0,0,0,0,0,0,0,0,0,0,0,0,0
80000200,1994,1, 9,3,0,0,0,0,0,0,1,0,0,0,0,0,1,0,0,0,1,0,0
80000200,1994,1,10,5,0,0,0,0,0,0,0,2,0,0,0,1,1,1,0,0,0,0,0
80000200,1994,1,11,5,0,0,0,0,0,0,0,0,0,1,2,1,0,1,0,0,0,0,0
80000200,1994,1,12,3,0,1,2,0,0,0,0,0,0,0,0,0,0,0,0,0,0,0,0
80000200,1994,1,13,2,0,0,0,0,0,0,0,0,0,0,0,0,0,1,1,0,0,0,0
80000200,1994,1,14,5,0,0,0,0,0,0,1,1,1,0,1,0,0,0,0,0,0,0,1
80000200,1994,1,15,0,0,0,0,0,0,0,0,0,0,0,0,0,0,0,0,0,0,0,0
80000200,1994,1,16,0,0,0,0,0,0,0,0,0,0,0,0,0,0,0,0,0,0,0,0
80000200,1994,1,17,0,0,0,0,0,0,0,0,0,0,0,0,0,0,0,0,0,0,0,0
80000200,1994,1,18,0,0,0,0,0,0,0,0,0,0,0,0,0,0,0,0,0,0,0,0
80000200,1994,1,19,29,0,0,0,0,0,0,0,0,0,0,0,6,4,3,4,2,8,2,0
80000200,1994,1,20,0,0,0,0,0,0,0,0,0,0,0,0,0,0,0,0,0,0,0,0
80000200,1994,1,21,4,1,0,0,0,1,0,0,0,1,0,1,0,0,0,0,0,0,0,0
80000200,1994,1,22,3,0,0,0,0,0,0,0,0,0,0,0,0,0,1,1,1,0,0,0
80000200,1994,1,23,13,0,0,1,0,1,5,2,1,1,0,2,0,0,0,0,0,0,0,0
80000200,1994,1,24,2,0,1,0,0,0,0,0,0,1,0,0,0,0,0,0,0,0,0,0
80000200,1994,1,25,2,0,0,1,0,0,0,0,0,0,0,0,0,1,0,0,0,0,0,0
80000200,1994,1,26,4,0,1,0,0,1,2,0,0,0,0,0,0,0,0,0,0,0,0,0
80000200,1994,1,27,26,6,7,3,1,4,1,1,0,3,0,0,0,0,0,0,0,0,0,0
80000200,1994,1,28,0,0,0,0,0,0,0,0,0,0,0,0,0,0,0,0,0,0,0,0
80000200,1994,1,29,3,0,0,1,1,0,0,1,0,0,0,0,0,0,0,0,0,0,0,0
80000200,1994,2, 1,430,11,9,12,16,37,48,53,47,33,32,33,15,24,10,18,9,4,5,14
80000200,1994,2, 2,9,0,1,0,0,0,2,3,0,0,1,1,0,1,0,0,0,0,0,0
80000200,1994,2, 3,19,0,0,0,0,0,0,0,0,3,1,4,2,3,1,3,1,0,1,0
80000200,1994,2, 4,8,0,0,0,0,0,0,0,0,0,0,1,0,1,0,2,1,1,0,2
80000200,1994,2, 5,6,0,0,0,0,1,0,0,1,1,0,0,0,0,1,1,0,0,0,1
80000200,1994,2, 6,5,0,0,0,0,0,0,0,0,0,0,0,1,0,2,1,1,0,0,0
80000200,1994,2, 7,13,0,0,0,0,0,1,2,1,2,0,4,0,1,1,0,0,0,0,1
80000200,1994,2, 8,0,0,0,0,0,0,0,0,0,0,0,0,0,0,0,0,0,0,0,0
80000200,1994,2, 9,1,0,0,0,0,0,0,0,0,0,0,0,0,1,0,0,0,0,0,0
80000200,1994,2,10,0,0,0,0,0,0,0,0,0,0,0,0,0,0,0,0,0,0,0,0
80000200,1994,2,11,3,0,0,0,0,0,1,0,0,0,2,0,0,0,0,0,0,0,0,0
80000200,1994,2,12,8,0,0,3,3,1,0,0,0,0,0,0,0,0,0,1,0,0,0,0
80000200,1994,2,13,3,0,0,0,0,0,0,0,0,0,0,0,1,1,0,0,0,1,0,0
80000200,1994,2,14,11,1,0,1,0,1,0,0,3,0,0,3,1,0,0,1,0,0,0,0
80000200,1994,2,15,39,0,0,0,2,1,3,5,7,2,5,0,1,3,0,5,2,1,2,0
80000200,1994,2,16,101,0,0,0,2,4,6,13,19,17,12,8,3,6,2,1,1,1,1,5
80000200,1994,2,17,3,0,0,0,0,0,1,0,0,0,0,1,0,1,0,0,0,0,0,0
80000200,1994,2,18,18,0,0,0,0,1,1,2,2,0,1,5,2,0,0,2,1,0,0,1
80000200,1994,2,19,0,0,0,0,0,0,0,0,0,0,0,0,0,0,0,0,0,0,0,0
80000200,1994,2,20,0,0,0,0,0,0,0,0,0,0,0,0,0,0,0,0,0,0,0,0
80000200,1994,2,21,4,0,0,0,0,0,0,0,0,0,2,1,1,0,0,0,0,0,0,0
80000200,1994,2,22,4,0,0,0,0,0,0,0,0,1,0,0,0,1,1,0,1,0,0,0
80000200,1994,2,23,10,3,1,0,0,1,4,0,0,0,0,1,0,0,0,0,0,0,0,0
80000200,1994,2,24,1,0,0,0,1,0,0,0,0,0,0,0,0,0,0,0,0,0,0,0
80000200,1994,2,25,4,0,0,0,0,2,0,1,0,0,1,0,0,0,0,0,0,0,0,0
80000200,1994,2,26,2,0,0,1,0,1,0,0,0,0,0,0,0,0,0,0,0,0,0,0
80000200,1994,2,27,12,1,5,3,0,1,1,0,1,0,0,0,0,0,0,0,0,0,0,0
80000200,1994,2,28,1,0,0,0,0,0,0,0,0,0,0,1,0,0,0,0,0,0,0,0
80000200,1994,2,29,4,0,0,2,0,0,0,0,0,1,0,0,0,0,0,0,0,0,1,0
80000200,1995,1, 1,416,21,20,10,9,18,48,54,51,32,30,23,13,16,11,28,5,5,6,16
80000200,1995,1, 2,18,0,0,0,0,0,2,4,3,1,1,2,3,0,0,1,0,0,0,1
80000200,1995,1, 3,28,0,0,0,0,1,0,2,0,2,6,5,2,1,2,5,0,1,0,1
80000200,1995,1, 4,13,0,0,0,0,0,1,1,0,1,2,0,1,1,1,3,2,0,0,0
80000200,1995,1, 5,1,0,0,0,0,0,0,0,0,0,0,0,0,0,0,0,0,0,0,1
80000200,1995,1, 6,11,0,0,0,1,1,1,0,1,0,0,2,0,0,1,1,0,1,1,1
80000200,1995,1, 7,14,0,0,0,0,0,0,3,3,0,1,2,1,2,1,1,0,0,0,0
80000200,1995,1, 8,0,0,0,0,0,0,0,0,0,0,0,0,0,0,0,0,0,0,0,0
80000200,1995,1, 9,2,0,0,0,0,0,0,0,0,0,0,1,0,0,0,1,0,0,0,0
80000200,1995,1,10,0,0,0,0,0,0,0,0,0,0,0,0,0,0,0,0,0,0,0,0
80000200,1995,1,11,3,0,0,0,0,0,2,0,0,0,0,0,0,0,0,0,0,0,0,1
80000200,1995,1,12,4,0,0,0,2,1,0,1,0,0,0,0,0,0,0,0,0,0,0,0
80000200,1995,1,13,2,0,0,0,0,0,0,0,0,0,0,1,0,0,0,1,0,0,0,0
80000200,1995,1,14,8,0,0,0,0,1,0,1,2,0,1,0,1,0,0,1,0,0,0,1
80000200,1995,1,15,0,0,0,0,0,0,0,0,0,0,0,0,0,0,0,0,0,0,0,0
80000200,1995,1,16,0,0,0,0,0,0,0,0,0,0,0,0,0,0,0,0,0,0,0,0
80000200,1995,1,17,0,0,0,0,0,0,0,0,0,0,0,0,0,0,0,0,0,0,0,0
80000200,1995,1,18,0,0,0,0,0,0,0,0,0,0,0,0,0,0,0,0,0,0,0,0
80000200,1995,1,19,28,0,0,0,0,0,0,0,0,0,1,0,0,5,3,8,3,1,5,2
80000200,1995,1,20,2,0,0,0,0,1,0,0,0,0,0,1,0,0,0,0,0,0,0,0
80000200,1995,1,21,2,2,0,0,0,0,0,0,0,0,0,0,0,0,0,0,0,0,0,0
80000200,1995,1,22,3,0,0,0,0,0,0,0,0,0,0,0,1,0,0,1,0,1,0,0
80000200,1995,1,23,14,4,0,0,0,2,2,3,0,1,1,1,0,0,0,0,0,0,0,0
80000200,1995,1,24,2,0,1,0,0,0,0,0,1,0,0,0,0,0,0,0,0,0,0,0
80000200,1995,1,25,0,0,0,0,0,0,0,0,0,0,0,0,0,0,0,0,0,0,0,0
80000200,1995,1,26,3,0,0,0,0,0,1,0,0,0,0,1,0,0,0,1,0,0,0,0
80000200,1995,1,27,25,5,5,4,1,0,1,3,1,2,1,1,0,1,0,0,0,0,0,0
80000200,1995,1,28,0,0,0,0,0,0,0,0,0,0,0,0,0,0,0,0,0,0,0,0
80000200,1995,1,29,5,0,2,2,1,0,0,0,0,0,0,0,0,0,0,0,0,0,0,0
80000200,1995,2, 1,457,18,10,9,13,46,64,49,51,35,29,31,20,27,16,18,7,5,0,9
80000200,1995,2, 2,7,0,0,0,0,0,1,0,2,0,0,1,1,0,0,1,0,1,0,0
80000200,1995,2, 3,30,0,0,0,0,0,0,1,1,0,4,3,1,4,5,10,0,1,0,0
80000200,1995,2, 4,8,0,0,0,0,0,0,0,1,0,2,1,0,3,0,1,0,0,0,0
80000200,1995,2, 5,2,0,0,0,0,0,0,0,0,0,0,0,1,0,1,0,0,0,0,0
80000200,1995,2, 6,4,0,0,0,0,1,0,0,0,0,0,1,1,1,0,0,0,0,0,0
80000200,1995,2, 7,12,0,0,1,0,0,2,1,0,0,2,2,1,2,1,0,0,0,0,0
80000200,1995,2, 8,0,0,0,0,0,0,0,0,0,0,0,0,0,0,0,0,0,0,0,0
80000200,1995,2, 9,1,0,0,0,0,0,0,0,0,0,0,0,0,0,0,1,0,0,0,0
80000200,1995,2,10,3,0,0,0,0,0,0,0,0,0,0,0,0,0,0,1,1,1,0,0
80000200,1995,2,11,1,0,0,0,0,0,0,0,0,0,0,0,1,0,0,0,0,0,0,0
80000200,1995,2,12,4,1,0,1,1,1,0,0,0,0,0,0,0,0,0,0,0,0,0,0
80000200,1995,2,13,4,0,0,0,0,0,0,0,0,0,0,0,1,0,3,0,0,0,0,0
80000200,1995,2,14,9,0,0,1,0,1,2,2,0,0,2,0,0,0,0,0,0,1,0,0
80000200,1995,2,15,37,0,0,0,0,2,1,2,8,8,2,2,2,5,1,0,2,0,0,2
80000200,1995,2,16,83,0,0,0,0,1,9,5,17,10,11,13,5,5,2,2,3,0,0,0
80000200,1995,2,17,3,0,0,0,0,0,0,0,0,0,1,1,1,0,0,0,0,0,0,0
80000200,1995,2,18,15,0,0,0,0,1,2,3,1,3,0,0,1,2,0,1,0,1,0,0
80000200,1995,2,19,0,0,0,0,0,0,0,0,0,0,0,0,0,0,0,0,0,0,0,0
80000200,1995,2,20,0,0,0,0,0,0,0,0,0,0,0,0,0,0,0,0,0,0,0,0
80000200,1995,2,21,0,0,0,0,0,0,0,0,0,0,0,0,0,0,0,0,0,0,0,0
80000200,1995,2,22,2,0,0,0,0,0,0,0,0,0,0,0,0,1,1,0,0,0,0,0
80000200,1995,2,23,21,0,0,0,1,4,3,6,5,0,1,0,1,0,0,0,0,0,0,0
80000200,1995,2,24,3,0,0,0,0,0,0,0,2,0,0,1,0,0,0,0,0,0,0,0
80000200,1995,2,25,12,0,0,0,0,1,1,2,1,1,2,1,1,2,0,0,0,0,0,0
80000200,1995,2,26,6,1,0,0,0,0,1,0,0,3,0,0,0,0,0,0,0,0,0,1
80000200,1995,2,27,22,5,4,3,4,2,3,1,0,0,0,0,0,0,0,0,0,0,0,0
80000200,1995,2,28,0,0,0,0,0,0,0,0,0,0,0,0,0,0,0,0,0,0,0,0
80000200,1995,2,29,6,2,1,0,1,0,0,0,0,1,0,0,0,0,0,0,1,0,0,0
80000200,1996,1, 1,418,14,19,9,11,18,40,59,39,37,22,22,16,20,16,18,14,9,6,29
80000200,1996,1, 2,18,1,0,1,0,1,3,2,1,3,1,2,0,1,0,0,1,0,0,1
80000200,1996,1, 3,20,0,0,0,0,0,2,1,2,1,4,2,1,1,1,1,2,1,0,1
80000200,1996,1, 4,13,0,0,0,0,0,0,0,2,2,0,2,1,0,0,4,2,0,0,0
80000200,1996,1, 5,6,0,0,0,0,0,0,1,0,0,1,2,0,1,0,1,0,0,0,0
80000200,1996,1, 6,7,0,0,0,1,0,1,0,2,1,0,0,1,1,0,0,0,0,0,0
80000200,1996,1, 7,19,0,0,0,1,0,1,3,1,2,2,0,3,2,0,0,0,0,0,4
80000200,1996,1, 8,0,0,0,0,0,0,0,0,0,0,0,0,0,0,0,0,0,0,0,0
80000200,1996,1, 9,1,0,0,0,0,0,0,0,0,0,0,0,0,0,0,0,0,1,0,0
80000200,1996,1,10,2,0,0,0,0,0,0,0,0,0,0,0,1,1,0,0,0,0,0,0
80000200,1996,1,11,8,0,0,0,0,0,0,2,0,3,0,1,0,1,1,0,0,0,0,0
80000200,1996,1,12,4,0,0,0,1,0,1,0,0,1,1,0,0,0,0,0,0,0,0,0
80000200,1996,1,13,4,0,0,0,0,0,1,0,0,1,0,2,0,0,0,0,0,0,0,0
80000200,1996,1,14,8,0,0,1,2,0,0,0,1,2,0,0,0,0,0,0,0,0,1,1
80000200,1996,1,15,0,0,0,0,0,0,0,0,0,0,0,0,0,0,0,0,0,0,0,0
80000200,1996,1,16,0,0,0,0,0,0,0,0,0,0,0,0,0,0,0,0,0,0,0,0
80000200,1996,1,17,0,0,0,0,0,0,0,0,0,0,0,0,0,0,0,0,0,0,0,0
80000200,1996,1,18,0,0,0,0,0,0,0,0,0,0,0,0,0,0,0,0,0,0,0,0
80000200,1996,1,19,49,0,0,0,0,0,0,0,0,0,0,1,1,8,8,8,6,7,3,7
80000200,1996,1,20,1,0,0,0,0,1,0,0,0,0,0,0,0,0,0,0,0,0,0,0
80000200,1996,1,21,4,2,1,0,0,0,0,0,0,0,0,0,1,0,0,0,0,0,0,0
80000200,1996,1,22,7,0,0,0,0,0,0,0,0,0,0,1,1,0,2,3,0,0,0,0
80000200,1996,1,23,21,2,0,0,2,1,4,5,4,0,1,0,0,0,0,0,0,0,0,2
80000200,1996,1,24,5,0,1,0,0,1,0,0,1,0,1,0,0,1,0,0,0,0,0,0
80000200,1996,1,25,2,0,0,0,0,0,0,0,0,0,0,0,0,1,0,0,0,0,0,1
80000200,1996,1,26,3,1,0,0,0,1,1,0,0,0,0,0,0,0,0,0,0,0,0,0
80000200,1996,1,27,30,3,6,6,2,1,1,0,2,3,1,3,0,0,1,0,1,0,0,0
80000200,1996,1,28,0,0,0,0,0,0,0,0,0,0,0,0,0,0,0,0,0,0,0,0
80000200,1996,1,29,6,0,1,0,0,0,2,1,0,1,1,0,0,0,0,0,0,0,0,0
80000200,1996,2, 1,435,17,9,9,12,33,55,48,38,38,33,38,23,27,11,23,3,9,1,8
80000200,1996,2, 2,16,1,0,0,1,2,1,0,3,2,1,1,1,1,0,2,0,0,0,0
80000200,1996,2, 3,18,0,0,0,0,0,0,0,1,2,2,0,2,2,2,5,0,1,1,0
80000200,1996,2, 4,9,0,0,0,1,0,0,0,0,0,0,3,4,1,0,0,0,0,0,0
80000200,1996,2, 5,9,0,0,0,0,0,0,1,1,0,2,1,1,0,0,3,0,0,0,0
80000200,1996,2, 6,5,0,0,0,0,0,0,0,0,1,1,0,1,2,0,0,0,0,0,0
80000200,1996,2, 7,9,0,0,1,0,0,0,0,1,1,1,1,1,1,2,0,0,0,0,0
80000200,1996,2, 8,0,0,0,0,0,0,0,0,0,0,0,0,0,0,0,0,0,0,0,0
80000200,1996,2, 9,5,0,0,0,0,0,0,0,0,2,0,0,1,2,0,0,0,0,0,0
80000200,1996,2,10,0,0,0,0,0,0,0,0,0,0,0,0,0,0,0,0,0,0,0,0
80000200,1996,2,11,11,0,0,0,0,0,2,3,0,2,0,0,2,0,0,1,0,1,0,0
80000200,1996,2,12,0,0,0,0,0,0,0,0,0,0,0,0,0,0,0,0,0,0,0,0
80000200,1996,2,13,3,0,0,0,0,0,0,0,0,0,0,0,0,1,0,1,0,1,0,0
80000200,1996,2,14,4,0,0,0,0,0,2,1,0,1,0,0,0,0,0,0,0,0,0,0
80000200,1996,2,15,46,0,0,0,0,1,0,8,9,8,4,6,1,3,1,2,0,3,0,0
80000200,1996,2,16,84,0,0,0,0,2,16,9,8,11,9,11,5,7,2,3,0,0,0,1
80000200,1996,2,17,9,0,0,0,0,0,0,0,0,1,1,4,1,0,1,1,0,0,0,0
80000200,1996,2,18,11,0,0,0,1,1,0,0,4,2,1,0,0,0,0,1,1,0,0,0
80000200,1996,2,19,0,0,0,0,0,0,0,0,0,0,0,0,0,0,0,0,0,0,0,0
80000200,1996,2,20,0,0,0,0,0,0,0,0,0,0,0,0,0,0,0,0,0,0,0,0
80000200,1996,2,21,3,2,0,0,1,0,0,0,0,0,0,0,0,0,0,0,0,0,0,0
80000200,1996,2,22,2,0,0,0,0,0,0,0,0,0,0,1,0,0,0,1,0,0,0,0
80000200,1996,2,23,13,3,0,0,0,3,1,4,0,1,0,0,0,1,0,0,0,0,0,0
80000200,1996,2,24,0,0,0,0,0,0,0,0,0,0,0,0,0,0,0,0,0,0,0,0
80000200,1996,2,25,7,0,0,0,0,0,0,0,0,0,3,3,0,0,0,0,0,0,0,1
80000200,1996,2,26,2,1,0,0,0,0,1,0,0,0,0,0,0,0,0,0,0,0,0,0
80000200,1996,2,27,29,6,5,5,3,1,4,3,0,0,0,0,0,0,1,1,0,0,0,0
80000200,1996,2,28,4,0,0,0,0,0,0,0,0,0,0,2,0,0,0,1,0,1,0,0
80000200,1996,2,29,5,0,1,1,0,0,0,0,0,0,1,0,0,2,0,0,0,0,0,0
80000200,1997,1, 1,439,21,20,10,6,15,37,62,42,34,33,25,15,23,25,16,13,12,8,22
80000200,1997,1, 2,21,0,0,0,0,0,2,6,2,2,3,1,2,1,1,1,0,0,0,0
80000200,1997,1, 3,21,0,0,0,0,1,0,2,2,2,3,2,3,2,2,1,0,1,0,0
80000200,1997,1, 4,11,0,1,1,0,0,0,1,0,0,0,1,1,2,0,0,0,3,0,1
80000200,1997,1, 5,3,0,0,0,0,0,0,0,0,0,0,1,0,1,0,0,0,1,0,0
80000200,1997,1, 6,10,0,0,0,0,0,2,1,1,1,0,0,0,0,3,1,0,0,1,0
80000200,1997,1, 7,8,0,0,0,1,1,1,2,1,0,0,0,0,0,0,1,1,0,0,0
80000200,1997,1, 8,1,1,0,0,0,0,0,0,0,0,0,0,0,0,0,0,0,0,0,0
80000200,1997,1, 9,2,0,0,0,0,0,0,0,1,0,0,0,0,0,1,0,0,0,0,0
80000200,1997,1,10,1,0,0,0,0,0,0,0,0,0,0,1,0,0,0,0,0,0,0,0
80000200,1997,1,11,8,0,0,0,0,0,0,0,1,1,0,0,1,3,0,0,0,0,0,2
80000200,1997,1,12,4,1,0,0,0,1,1,0,0,0,1,0,0,0,0,0,0,0,0,0
80000200,1997,1,13,1,0,0,0,0,0,0,0,0,0,1,0,0,0,0,0,0,0,0,0
80000200,1997,1,14,7,1,2,0,1,0,0,0,0,2,1,0,0,0,0,0,0,0,0,0
80000200,1997,1,15,0,0,0,0,0,0,0,0,0,0,0,0,0,0,0,0,0,0,0,0
80000200,1997,1,16,0,0,0,0,0,0,0,0,0,0,0,0,0,0,0,0,0,0,0,0
80000200,1997,1,17,0,0,0,0,0,0,0,0,0,0,0,0,0,0,0,0,0,0,0,0
80000200,1997,1,18,0,0,0,0,0,0,0,0,0,0,0,0,0,0,0,0,0,0,0,0
80000200,1997,1,19,60,0,0,0,0,0,1,0,0,0,4,4,0,8,11,7,7,6,4,8
80000200,1997,1,20,2,0,0,0,0,1,0,0,0,0,0,0,0,1,0,0,0,0,0,0
80000200,1997,1,21,7,1,3,1,0,0,2,0,0,0,0,0,0,0,0,0,0,0,0,0
80000200,1997,1,22,2,0,0,0,0,0,0,0,0,0,0,0,0,0,0,0,2,0,0,0
80000200,1997,1,23,12,1,0,0,0,0,3,3,1,0,2,0,1,0,0,0,0,0,0,1
80000200,1997,1,24,1,0,0,0,0,1,0,0,0,0,0,0,0,0,0,0,0,0,0,0
80000200,1997,1,25,1,0,0,0,0,0,1,0,0,0,0,0,0,0,0,0,0,0,0,0
80000200,1997,1,26,5,1,1,0,0,0,0,0,1,0,1,0,0,0,1,0,0,0,0,0
80000200,1997,1,27,40,9,11,5,2,3,2,2,1,1,1,1,0,0,2,0,0,0,0,0
80000200,1997,1,28,1,0,0,0,0,0,0,0,0,1,0,0,0,0,0,0,0,0,0,0
80000200,1997,1,29,5,0,1,0,0,0,1,0,2,0,0,1,0,0,0,0,0,0,0,0
80000200,1997,2, 1,517,7,15,10,10,36,63,57,70,58,42,39,19,29,20,13,7,5,1,16
80000200,1997,2, 2,16,0,1,1,1,2,5,1,1,1,0,1,0,1,1,0,0,0,0,0
80000200,1997,2, 3,15,0,0,0,0,0,0,1,0,2,1,1,2,1,2,1,1,2,1,0
80000200,1997,2, 4,12,0,0,0,0,0,1,0,1,1,1,5,0,3,0,0,0,0,0,0
80000200,1997,2, 5,4,0,0,0,0,0,0,0,1,0,0,1,0,0,1,0,0,1,0,0
80000200,1997,2, 6,10,0,0,0,0,1,2,0,1,0,0,1,0,2,0,2,1,0,0,0
80000200,1997,2, 7,13,0,0,0,1,2,0,0,0,3,1,1,0,3,0,0,0,0,0,2
80000200,1997,2, 8,1,0,0,0,0,0,0,0,0,0,1,0,0,0,0,0,0,0,0,0
80000200,1997,2, 9,1,0,0,0,0,0,0,0,1,0,0,0,0,0,0,0,0,0,0,0
80000200,1997,2,10,1,0,0,0,0,0,0,0,0,0,0,0,0,0,0,0,0,0,0,1
80000200,1997,2,11,6,0,0,0,0,1,0,0,0,0,0,2,1,1,1,0,0,0,0,0
80000200,1997,2,12,1,0,0,0,0,0,0,0,0,1,0,0,0,0,0,0,0,0,0,0
80000200,1997,2,13,1,0,0,0,0,0,0,0,0,0,0,1,0,0,0,0,0,0,0,0
80000200,1997,2,14,15,1,0,0,1,0,3,1,0,0,3,1,0,2,0,1,0,0,0,2
80000200,1997,2,15,63,0,0,0,0,3,2,8,11,8,9,4,4,5,2,1,2,1,0,3
80000200,1997,2,16,126,0,0,0,0,2,9,20,23,20,9,12,6,3,10,6,0,1,0,5
80000200,1997,2,17,9,0,0,0,0,1,0,0,2,2,2,1,0,1,0,0,0,0,0,0
80000200,1997,2,18,15,0,0,0,0,1,2,1,3,3,0,2,1,1,0,1,0,0,0,0
80000200,1997,2,19,0,0,0,0,0,0,0,0,0,0,0,0,0,0,0,0,0,0,0,0
80000200,1997,2,20,0,0,0,0,0,0,0,0,0,0,0,0,0,0,0,0,0,0,0,0
80000200,1997,2,21,2,1,0,1,0,0,0,0,0,0,0,0,0,0,0,0,0,0,0,0
80000200,1997,2,22,0,0,0,0,0,0,0,0,0,0,0,0,0,0,0,0,0,0,0,0
80000200,1997,2,23,11,0,1,0,0,1,2,3,2,0,2,0,0,0,0,0,0,0,0,0
80000200,1997,2,24,2,0,0,1,0,0,0,0,0,0,1,0,0,0,0,0,0,0,0,0
80000200,1997,2,25,15,0,0,0,0,0,1,0,5,2,3,1,0,2,1,0,0,0,0,0
80000200,1997,2,26,5,0,1,0,1,0,0,3,0,0,0,0,0,0,0,0,0,0,0,0
80000200,1997,2,27,31,3,8,4,2,0,2,0,2,3,0,1,2,1,1,1,0,0,0,1
80000200,1997,2,28,3,0,0,0,0,0,0,0,0,1,0,0,1,0,0,0,1,0,0,0
80000200,1997,2,29,6,0,1,1,0,0,0,0,3,0,0,0,1,0,0,0,0,0,0,0
80000200,1998,1, 1,439,15,20,9,10,12,38,46,60,39,26,16,18,30,18,31,17,13,5,16
80000200,1998,1, 2,17,0,0,1,0,1,1,0,2,4,3,1,0,2,0,0,0,1,1,0
80000200,1998,1, 3,32,0,0,0,0,0,0,1,2,4,0,4,3,6,1,5,3,1,0,2
80000200,1998,1, 4,8,0,0,0,0,0,0,1,0,1,1,2,0,1,0,0,1,0,0,1
80000200,1998,1, 5,8,0,0,0,0,0,0,0,2,0,0,1,1,1,1,0,2,0,0,0
80000200,1998,1, 6,7,0,0,0,0,0,0,1,1,1,0,0,0,0,1,1,1,0,1,0
80000200,1998,1, 7,30,1,0,0,1,1,1,0,3,4,1,1,2,2,1,7,1,3,0,1
80000200,1998,1, 8,0,0,0,0,0,0,0,0,0,0,0,0,0,0,0,0,0,0,0,0
80000200,1998,1, 9,0,0,0,0,0,0,0,0,0,0,0,0,0,0,0,0,0,0,0,0
80000200,1998,1,10,3,0,0,0,0,0,1,0,1,0,0,0,1,0,0,0,0,0,0,0
80000200,1998,1,11,6,0,0,0,0,0,0,0,1,1,0,0,1,1,1,1,0,0,0,0
80000200,1998,1,12,1,0,0,0,1,0,0,0,0,0,0,0,0,0,0,0,0,0,0,0
80000200,1998,1,13,1,0,0,0,0,0,0,0,0,0,0,0,0,0,0,0,0,1,0,0
80000200,1998,1,14,11,2,0,0,1,1,3,1,0,1,1,0,0,0,0,1,0,0,0,0
80000200,1998,1,15,0,0,0,0,0,0,0,0,0,0,0,0,0,0,0,0,0,0,0,0
80000200,1998,1,16,0,0,0,0,0,0,0,0,0,0,0,0,0,0,0,0,0,0,0,0
80000200,1998,1,17,0,0,0,0,0,0,0,0,0,0,0,0,0,0,0,0,0,0,0,0
80000200,1998,1,18,0,0,0,0,0,0,0,0,0,0,0,0,0,0,0,0,0,0,0,0
80000200,1998,1,19,59,0,0,0,0,0,0,0,0,1,0,1,5,11,11,11,5,4,3,7
80000200,1998,1,20,2,0,0,0,0,0,1,0,0,0,0,1,0,0,0,0,0,0,0,0
80000200,1998,1,21,7,4,2,0,0,0,0,1,0,0,0,0,0,0,0,0,0,0,0,0
80000200,1998,1,22,5,0,2,0,0,1,0,1,0,0,0,0,1,0,0,0,0,0,0,0
80000200,1998,1,23,10,0,0,0,0,0,2,4,2,0,1,1,0,0,0,0,0,0,0,0
80000200,1998,1,24,4,1,1,0,0,0,0,1,0,0,1,0,0,0,0,0,0,0,0,0
80000200,1998,1,25,4,0,0,0,0,1,1,1,0,0,0,0,0,0,0,1,0,0,0,0
80000200,1998,1,26,8,1,0,0,1,0,0,2,1,1,1,0,0,0,0,1,0,0,0,0
80000200,1998,1,27,22,1,4,2,4,2,0,1,4,1,0,0,2,0,0,0,0,0,0,1
80000200,1998,1,28,3,0,0,0,0,0,1,0,2,0,0,0,0,0,0,0,0,0,0,0
80000200,1998,1,29,3,1,0,1,0,0,0,1,0,0,0,0,0,0,0,0,0,0,0,0
80000200,1998,2, 1,517,10,10,12,12,32,57,46,65,57,35,40,23,47,21,21,8,7,1,13
80000200,1998,2, 2,13,0,0,0,1,2,3,0,1,0,2,0,1,1,1,1,0,0,0,0
80000200,1998,2, 3,20,0,0,0,0,0,0,1,1,3,1,0,2,4,4,2,1,1,0,0
80000200,1998,2, 4,10,0,0,0,0,0,0,0,0,1,0,2,0,0,2,2,1,2,0,0
80000200,1998,2, 5,9,0,0,0,0,0,0,0,0,0,1,1,1,2,0,3,0,1,0,0
80000200,1998,2, 6,9,0,0,0,0,1,0,1,1,0,0,1,0,1,2,0,1,0,0,1
80000200,1998,2, 7,19,0,0,0,0,1,3,1,0,2,2,1,1,5,0,2,1,0,0,0
80000200,1998,2, 8,0,0,0,0,0,0,0,0,0,0,0,0,0,0,0,0,0,0,0,0
80000200,1998,2, 9,1,0,0,0,0,0,0,0,0,0,0,0,0,1,0,0,0,0,0,0
80000200,1998,2,10,2,0,0,0,0,1,0,0,0,0,0,1,0,0,0,0,0,0,0,0
80000200,1998,2,11,14,0,0,0,1,0,0,0,0,1,4,1,0,3,4,0,0,0,0,0
80000200,1998,2,12,4,0,0,1,1,1,0,1,0,0,0,0,0,0,0,0,0,0,0,0
80000200,1998,2,13,1,0,0,0,0,0,0,0,0,0,0,1,0,0,0,0,0,0,0,0
80000200,1998,2,14,7,0,0,0,0,1,2,0,1,0,1,0,2,0,0,0,0,0,0,0
80000200,1998,2,15,58,0,0,0,1,1,3,3,7,8,6,9,1,7,3,5,1,1,0,2
80000200,1998,2,16,129,0,0,0,0,1,13,10,33,20,12,10,11,14,2,1,1,0,0,1
80000200,1998,2,17,8,0,0,0,0,0,0,0,0,1,0,4,0,2,0,0,0,0,1,0
80000200,1998,2,18,15,0,1,0,0,1,0,1,1,5,1,2,0,1,0,0,0,2,0,0
80000200,1998,2,19,0,0,0,0,0,0,0,0,0,0,0,0,0,0,0,0,0,0,0,0
80000200,1998,2,20,0,0,0,0,0,0,0,0,0,0,0,0,0,0,0,0,0,0,0,0
80000200,1998,2,21,3,3,0,0,0,0,0,0,0,0,0,0,0,0,0,0,0,0,0,0
80000200,1998,2,22,4,0,0,0,0,0,0,0,0,0,1,0,1,0,1,1,0,0,0,0
80000200,1998,2,23,19,1,4,2,0,0,3,5,2,2,0,0,0,0,0,0,0,0,0,0
80000200,1998,2,24,5,0,1,0,0,0,1,0,0,3,0,0,0,0,0,0,0,0,0,0
80000200,1998,2,25,10,0,0,0,0,1,1,1,2,0,0,0,1,2,0,0,1,0,0,1
80000200,1998,2,26,3,0,0,1,0,0,0,0,2,0,0,0,0,0,0,0,0,0,0,0
80000200,1998,2,27,15,5,2,5,1,0,2,0,0,0,0,0,0,0,0,0,0,0,0,0
80000200,1998,2,28,1,0,0,0,0,0,0,0,0,0,0,1,0,0,0,0,0,0,0,0
80000200,1998,2,29,5,0,2,2,0,0,1,0,0,0,0,0,0,0,0,0,0,0,0,0
80000200,1999,1, 1,399,12,11,14,15,23,32,52,40,40,20,23,16,23,15,20,10,8,5,20
80000200,1999,1, 2,14,1,0,0,2,0,2,3,1,2,0,0,0,1,1,0,0,0,0,1
80000200,1999,1, 3,9,0,0,0,0,0,0,1,1,1,0,0,4,0,0,1,1,0,0,0
80000200,1999,1, 4,11,0,0,0,0,0,0,1,0,0,2,0,0,3,2,2,1,0,0,0
80000200,1999,1, 5,6,0,0,0,0,2,0,0,0,2,0,0,0,0,0,1,0,0,1,0
80000200,1999,1, 6,7,0,0,0,0,1,1,0,0,0,0,2,1,0,0,0,1,0,0,1
80000200,1999,1, 7,12,0,1,0,0,0,0,1,2,2,0,3,1,0,0,0,0,1,0,1
80000200,1999,1, 8,1,0,0,0,0,0,0,0,0,0,0,0,0,0,1,0,0,0,0,0
80000200,1999,1, 9,1,0,0,0,0,0,0,0,0,0,0,0,0,0,0,0,1,0,0,0
80000200,1999,1,10,3,0,0,0,0,0,0,0,0,0,0,0,0,1,0,0,0,2,0,0
80000200,1999,1,11,10,0,0,0,0,0,2,0,0,1,0,2,1,0,2,1,0,0,0,1
80000200,1999,1,12,5,0,0,1,2,1,0,0,0,1,0,0,0,0,0,0,0,0,0,0
80000200,1999,1,13,1,0,0,0,0,0,0,0,0,0,1,0,0,0,0,0,0,0,0,0
80000200,1999,1,14,5,1,0,0,3,0,0,0,0,0,0,1,0,0,0,0,0,0,0,0
80000200,1999,1,15,0,0,0,0,0,0,0,0,0,0,0,0,0,0,0,0,0,0,0,0
80000200,1999,1,16,0,0,0,0,0,0,0,0,0,0,0,0,0,0,0,0,0,0,0,0
80000200,1999,1,17,0,0,0,0,0,0,0,0,0,0,0,0,0,0,0,0,0,0,0,0
80000200,1999,1,18,0,0,0,0,0,0,0,0,0,0,0,0,0,0,0,0,0,0,0,0
80000200,1999,1,19,42,0,0,0,0,0,0,0,0,1,0,3,2,8,6,8,6,2,4,2
80000200,1999,1,20,0,0,0,0,0,0,0,0,0,0,0,0,0,0,0,0,0,0,0,0
80000200,1999,1,21,2,1,0,0,0,0,1,0,0,0,0,0,0,0,0,0,0,0,0,0
80000200,1999,1,22,1,1,0,0,0,0,0,0,0,0,0,0,0,0,0,0,0,0,0,0
80000200,1999,1,23,8,2,0,0,0,0,0,2,2,0,0,1,1,0,0,0,0,0,0,0
80000200,1999,1,24,1,0,0,0,0,0,0,0,1,0,0,0,0,0,0,0,0,0,0,0
80000200,1999,1,25,3,0,0,0,0,0,0,0,0,1,1,0,0,0,0,1,0,0,0,0
80000200,1999,1,26,6,0,1,1,1,0,1,1,0,1,0,0,0,0,0,0,0,0,0,0
80000200,1999,1,27,29,1,3,5,1,3,2,2,2,1,1,1,2,2,0,1,0,1,0,1
80000200,1999,1,28,1,0,0,0,0,0,0,0,0,0,0,0,0,0,0,1,0,0,0,0
80000200,1999,1,29,6,1,0,2,0,0,0,0,0,0,1,0,0,1,0,1,0,0,0,0
80000200,1999,2, 1,494,6,11,10,20,22,68,65,66,32,31,31,37,33,19,11,10,4,2,16
80000200,1999,2, 2,13,0,1,0,2,1,2,3,1,0,0,0,0,0,1,1,1,0,0,0
80000200,1999,2, 3,13,0,0,0,0,0,0,0,0,0,1,4,2,2,0,3,0,1,0,0
80000200,1999,2, 4,10,0,0,1,0,0,0,0,0,1,0,1,2,3,1,0,0,0,0,1
80000200,1999,2, 5,7,0,0,0,0,0,0,1,0,0,0,0,2,2,0,1,0,1,0,0
80000200,1999,2, 6,9,0,0,0,1,0,0,0,2,0,2,0,0,2,0,0,0,0,0,2
80000200,1999,2, 7,15,0,0,1,0,0,3,3,0,0,1,1,1,2,1,0,1,1,0,0
80000200,1999,2, 8,1,0,0,0,0,0,0,0,0,0,0,0,0,0,1,0,0,0,0,0
80000200,1999,2, 9,0,0,0,0,0,0,0,0,0,0,0,0,0,0,0,0,0,0,0,0
80000200,1999,2,10,1,0,0,0,0,0,0,0,0,0,0,0,1,0,0,0,0,0,0,0
80000200,1999,2,11,4,0,0,0,0,1,0,0,0,0,0,1,0,2,0,0,0,0,0,0
80000200,1999,2,12,6,0,2,1,1,1,0,0,0,0,0,0,0,0,0,0,0,1,0,0
80000200,1999,2,13,1,0,0,0,0,0,0,0,1,0,0,0,0,0,0,0,0,0,0,0
80000200,1999,2,14,11,0,0,1,3,1,1,0,2,1,0,0,0,1,0,0,0,0,0,1
80000200,1999,2,15,64,0,0,0,0,4,6,10,15,6,3,6,5,3,0,1,3,0,0,2
80000200,1999,2,16,93,0,0,0,0,0,8,13,13,14,12,7,9,6,3,4,2,0,0,2
80000200,1999,2,17,6,0,0,0,0,0,1,0,0,0,1,0,1,1,0,0,2,0,0,0
80000200,1999,2,18,16,0,0,1,0,0,1,0,1,1,3,2,2,2,2,1,0,0,0,0
80000200,1999,2,19,0,0,0,0,0,0,0,0,0,0,0,0,0,0,0,0,0,0,0,0
80000200,1999,2,20,0,0,0,0,0,0,0,0,0,0,0,0,0,0,0,0,0,0,0,0
80000200,1999,2,21,2,1,1,0,0,0,0,0,0,0,0,0,0,0,0,0,0,0,0,0
80000200,1999,2,22,3,0,0,0,0,0,0,0,0,0,0,0,0,1,2,0,0,0,0,0
80000200,1999,2,23,7,2,0,0,0,0,2,1,1,1,0,0,0,0,0,0,0,0,0,0
80000200,1999,2,24,3,0,1,0,0,1,0,0,0,0,0,0,0,0,0,0,0,0,0,1
80000200,1999,2,25,7,0,0,0,0,0,3,2,1,0,0,0,1,0,0,0,0,0,0,0
80000200,1999,2,26,4,0,0,0,0,0,1,0,0,0,1,0,0,0,2,0,0,0,0,0
80000200,1999,2,27,20,1,4,1,2,0,1,3,1,0,0,1,0,3,0,0,0,0,2,1
80000200,1999,2,28,1,0,0,0,0,0,0,0,0,0,0,1,0,0,0,0,0,0,0,0
80000200,1999,2,29,2,0,0,1,0,0,0,0,0,0,0,0,0,0,1,0,0,0,0,0
80000200,2000,1, 1,468,10,14,17,8,16,27,53,47,40,30,34,23,36,29,43,16,6,6,13
80000200,2000,1, 2,20,0,0,1,1,0,0,3,3,2,2,0,1,2,3,1,0,1,0,0
80000200,2000,1, 3,25,0,0,0,0,0,1,0,1,1,2,7,3,5,2,1,1,0,1,0
80000200,2000,1, 4,18,0,1,0,0,0,0,0,2,2,2,1,1,3,2,3,1,0,0,0
80000200,2000,1, 5,7,0,0,0,0,0,0,1,0,1,0,0,0,1,1,2,1,0,0,0
80000200,2000,1, 6,12,0,0,0,0,0,0,0,1,1,3,1,0,1,4,0,0,1,0,0
80000200,2000,1, 7,22,0,0,0,0,1,3,4,1,0,1,1,2,2,2,3,1,1,0,0
80000200,2000,1, 8,0,0,0,0,0,0,0,0,0,0,0,0,0,0,0,0,0,0,0,0
80000200,2000,1, 9,3,0,0,0,0,1,0,0,0,1,1,0,0,0,0,0,0,0,0,0
80000200,2000,1,10,2,0,0,0,0,0,0,0,0,0,1,0,0,0,0,0,0,0,1,0
80000200,2000,1,11,9,0,0,0,0,0,1,0,0,0,0,1,2,2,1,1,0,0,1,0
80000200,2000,1,12,7,0,0,1,2,0,0,0,2,1,0,0,0,0,0,0,0,0,0,1
80000200,2000,1,13,1,0,0,0,0,0,0,0,0,1,0,0,0,0,0,0,0,0,0,0
80000200,2000,1,14,8,1,0,1,1,1,1,0,1,1,0,0,0,0,0,1,0,0,0,0
80000200,2000,1,15,0,0,0,0,0,0,0,0,0,0,0,0,0,0,0,0,0,0,0,0
80000200,2000,1,16,0,0,0,0,0,0,0,0,0,0,0,0,0,0,0,0,0,0,0,0
80000200,2000,1,17,0,0,0,0,0,0,0,0,0,0,0,0,0,0,0,0,0,0,0,0
80000200,2000,1,18,0,0,0,0,0,0,0,0,0,0,0,0,0,0,0,0,0,0,0,0
80000200,2000,1,19,63,0,0,0,0,0,1,0,1,0,2,2,4,6,6,25,8,3,3,2
80000200,2000,1,20,2,0,0,0,0,0,0,1,0,0,0,1,0,0,0,0,0,0,0,0
80000200,2000,1,21,2,2,0,0,0,0,0,0,0,0,0,0,0,0,0,0,0,0,0,0
80000200,2000,1,22,7,1,0,0,0,0,0,0,0,0,0,0,1,0,1,3,1,0,0,0
80000200,2000,1,23,14,3,2,0,0,0,1,5,2,0,0,0,1,0,0,0,0,0,0,0
80000200,2000,1,24,4,0,0,0,0,0,0,1,0,0,1,0,0,1,1,0,0,0,0,0
80000200,2000,1,25,0,0,0,0,0,0,0,0,0,0,0,0,0,0,0,0,0,0,0,0
80000200,2000,1,26,5,0,0,1,0,0,0,0,1,2,0,0,1,0,0,0,0,0,0,0
80000200,2000,1,27,25,1,7,4,0,2,1,1,0,0,4,1,0,0,1,1,1,0,0,1
80000200,2000,1,28,1,0,0,0,0,0,0,0,0,0,0,0,0,1,0,0,0,0,0,0
80000200,2000,1,29,10,1,3,3,2,0,0,0,0,0,0,0,1,0,0,0,0,0,0,0
80000200,2000,2, 1,591,9,12,13,13,34,46,80,75,71,49,41,26,40,30,21,11,10,2,8
80000200,2000,2, 2,13,0,0,0,2,0,0,3,0,3,1,3,0,0,0,1,0,0,0,0
80000200,2000,2, 3,12,0,0,0,0,0,0,0,1,0,0,0,2,3,3,1,0,2,0,0
80000200,2000,2, 4,15,0,0,0,0,2,0,0,0,1,1,1,1,4,3,1,0,1,0,0
80000200,2000,2, 5,12,0,0,0,0,0,0,1,1,0,0,1,1,1,2,2,1,1,0,1
80000200,2000,2, 6,9,0,0,0,0,0,0,0,0,1,2,2,0,1,0,1,2,0,0,0
80000200,2000,2, 7,13,0,0,0,0,1,0,1,1,0,2,0,1,2,0,3,1,0,0,1
80000200,2000,2, 8,1,0,0,0,0,0,0,1,0,0,0,0,0,0,0,0,0,0,0,0
80000200,2000,2, 9,0,0,0,0,0,0,0,0,0,0,0,0,0,0,0,0,0,0,0,0
80000200,2000,2,10,1,0,0,0,0,0,0,1,0,0,0,0,0,0,0,0,0,0,0,0
80000200,2000,2,11,3,0,0,0,0,0,0,0,0,1,1,0,0,1,0,0,0,0,0,0
80000200,2000,2,12,4,0,0,2,0,0,0,2,0,0,0,0,0,0,0,0,0,0,0,0
80000200,2000,2,13,6,0,0,0,0,0,1,0,0,0,0,0,0,2,1,0,1,1,0,0
80000200,2000,2,14,11,0,1,1,0,0,0,0,1,2,1,1,1,1,1,1,0,0,0,0
80000200,2000,2,15,76,0,0,0,1,2,1,8,18,13,12,5,7,2,2,1,1,1,1,1
80000200,2000,2,16,161,0,0,0,0,2,9,28,20,29,21,20,5,11,6,3,2,3,0,2
80000200,2000,2,17,8,0,0,0,0,0,0,1,1,2,0,1,0,2,1,0,0,0,0,0
80000200,2000,2,18,26,0,0,1,3,1,2,4,0,1,0,2,2,5,1,1,2,0,0,1
80000200,2000,2,19,0,0,0,0,0,0,0,0,0,0,0,0,0,0,0,0,0,0,0,0
80000200,2000,2,20,0,0,0,0,0,0,0,0,0,0,0,0,0,0,0,0,0,0,0,0
80000200,2000,2,21,1,1,0,0,0,0,0,0,0,0,0,0,0,0,0,0,0,0,0,0
80000200,2000,2,22,2,0,0,0,0,0,0,0,0,0,0,0,0,0,0,1,0,0,1,0
80000200,2000,2,23,12,2,0,0,0,1,4,0,2,2,0,0,0,0,0,1,0,0,0,0
80000200,2000,2,24,4,0,0,1,0,0,0,0,1,0,0,0,0,0,1,1,0,0,0,0
80000200,2000,2,25,4,0,0,0,0,1,0,1,0,0,0,2,0,0,0,0,0,0,0,0
80000200,2000,2,26,7,0,0,0,1,1,0,0,1,1,0,1,1,0,1,0,0,0,0,0
80000200,2000,2,27,28,2,9,3,0,1,2,2,3,1,1,0,0,2,1,1,0,0,0,0
80000200,2000,2,28,1,0,0,0,0,0,0,0,0,0,0,0,0,0,1,0,0,0,0,0
80000200,2000,2,29,7,1,0,1,0,1,1,1,0,0,0,0,0,0,1,1,0,0,0,0
80000200,2001,1, 1,409,11,14,23,13,15,32,47,38,42,32,33,16,26,21,20,6,11,3,6
80000200,2001,1, 2,21,1,0,0,2,1,1,0,3,4,2,3,1,2,1,0,0,0,0,0
80000200,2001,1, 3,26,0,0,0,0,0,0,0,3,1,3,7,3,2,1,4,0,2,0,0
80000200,2001,1, 4,3,0,0,1,0,0,0,0,0,0,0,0,0,0,0,0,0,2,0,0
80000200,2001,1, 5,3,0,0,0,1,0,0,0,0,0,1,0,0,0,1,0,0,0,0,0
80000200,2001,1, 6,11,0,0,0,0,1,1,0,1,2,3,2,0,1,0,0,0,0,0,0
80000200,2001,1, 7,16,0,0,1,0,0,0,3,0,3,1,3,2,1,1,0,1,0,0,0
80000200,2001,1, 8,2,0,0,0,0,0,0,0,0,0,0,0,1,0,0,0,0,1,0,0
80000200,2001,1, 9,5,0,0,0,0,0,1,0,0,0,0,2,0,0,1,1,0,0,0,0
80000200,2001,1,10,2,0,0,0,0,0,0,1,0,0,0,0,0,0,1,0,0,0,0,0
80000200,2001,1,11,10,0,0,0,0,2,0,1,1,0,1,2,0,1,0,0,0,1,0,1
80000200,2001,1,12,8,0,1,2,3,0,1,0,0,0,0,0,0,1,0,0,0,0,0,0
80000200,2001,1,13,3,0,0,0,0,0,0,0,0,0,1,0,0,1,0,0,0,0,0,1
80000200,2001,1,14,8,2,0,0,2,1,0,1,1,0,0,1,0,0,0,0,0,0,0,0
80000200,2001,1,15,0,0,0,0,0,0,0,0,0,0,0,0,0,0,0,0,0,0,0,0
80000200,2001,1,16,0,0,0,0,0,0,0,0,0,0,0,0,0,0,0,0,0,0,0,0
80000200,2001,1,17,0,0,0,0,0,0,0,0,0,0,0,0,0,0,0,0,0,0,0,0
80000200,2001,1,18,0,0,0,0,0,0,0,0,0,0,0,0,0,0,0,0,0,0,0,0
80000200,2001,1,19,47,0,0,0,0,0,0,0,0,1,2,1,4,9,11,10,4,2,3,0
80000200,2001,1,20,2,0,0,0,0,0,0,0,0,0,0,1,0,0,0,1,0,0,0,0
80000200,2001,1,21,3,2,0,0,0,0,0,0,0,0,0,1,0,0,0,0,0,0,0,0
80000200,2001,1,22,7,0,0,0,0,0,0,1,0,0,0,2,0,2,0,1,1,0,0,0
80000200,2001,1,23,11,0,0,0,0,0,0,5,3,2,0,1,0,0,0,0,0,0,0,0
80000200,2001,1,24,5,0,0,2,0,1,0,0,1,0,0,0,1,0,0,0,0,0,0,0
80000200,2001,1,25,2,0,0,0,0,1,0,0,0,0,0,0,0,0,0,0,0,0,0,1
80000200,2001,1,26,8,0,2,3,0,1,0,0,1,0,0,0,0,0,0,0,0,0,0,1
80000200,2001,1,27,29,1,9,6,1,0,1,2,0,5,1,1,2,0,0,0,0,0,0,0
80000200,2001,1,28,3,0,0,0,0,0,0,0,1,0,0,1,0,1,0,0,0,0,0,0
80000200,2001,1,29,3,0,1,0,0,1,0,0,0,0,0,0,0,0,1,0,0,0,0,0
80000200,2001,2, 1,565,7,19,8,13,36,56,75,73,58,48,51,26,39,10,18,7,4,4,13
80000200,2001,2, 2,11,0,0,0,2,2,0,2,0,2,0,1,0,0,0,0,0,1,0,1
80000200,2001,2, 3,13,0,0,0,1,1,0,0,1,0,0,1,4,3,0,1,0,0,0,1
80000200,2001,2, 4,12,0,0,0,0,0,0,0,1,0,2,0,1,4,2,1,1,0,0,0
80000200,2001,2, 5,7,0,0,0,0,0,0,1,2,0,0,2,0,1,0,0,1,0,0,0
80000200,2001,2, 6,10,0,0,0,0,1,0,1,0,1,0,0,3,2,0,2,0,0,0,0
80000200,2001,2, 7,7,0,0,1,0,0,0,2,1,0,0,1,0,1,0,0,1,0,0,0
80000200,2001,2, 8,1,0,0,0,0,0,0,0,0,0,0,0,0,1,0,0,0,0,0,0
80000200,2001,2, 9,0,0,0,0,0,0,0,0,0,0,0,0,0,0,0,0,0,0,0,0
80000200,2001,2,10,1,1,0,0,0,0,0,0,0,0,0,0,0,0,0,0,0,0,0,0
80000200,2001,2,11,8,0,0,0,0,1,0,0,0,3,1,0,1,0,1,0,0,0,0,1
80000200,2001,2,12,4,0,0,3,1,0,0,0,0,0,0,0,0,0,0,0,0,0,0,0
80000200,2001,2,13,6,0,0,0,0,1,0,0,0,0,0,1,1,1,0,2,0,0,0,0
80000200,2001,2,14,9,0,0,0,3,1,1,0,2,1,0,0,0,0,0,1,0,0,0,0
80000200,2001,2,15,75,0,0,0,0,2,6,10,12,11,5,13,5,5,1,2,1,0,0,2
80000200,2001,2,16,125,0,0,0,0,1,6,18,18,14,24,13,9,12,3,2,2,2,1,0
80000200,2001,2,17,8,0,0,0,0,0,0,0,0,1,2,1,0,2,1,0,0,0,1,0
80000200,2001,2,18,32,1,0,1,2,2,4,0,3,6,0,5,1,1,0,5,0,0,1,0
80000200,2001,2,19,0,0,0,0,0,0,0,0,0,0,0,0,0,0,0,0,0,0,0,0
80000200,2001,2,20,0,0,0,0,0,0,0,0,0,0,0,0,0,0,0,0,0,0,0,0
80000200,2001,2,21,1,0,1,0,0,0,0,0,0,0,0,0,0,0,0,0,0,0,0,0
80000200,2001,2,22,2,0,0,0,0,0,0,1,0,0,0,0,0,0,0,1,0,0,0,0
80000200,2001,2,23,8,0,0,0,0,0,1,1,3,1,0,1,0,0,0,0,0,0,1,0
80000200,2001,2,24,4,0,0,0,0,0,0,1,0,2,0,1,0,0,0,0,0,0,0,0
80000200,2001,2,25,2,0,0,0,0,2,0,0,0,0,0,0,0,0,0,0,0,0,0,0
80000200,2001,2,26,2,0,0,0,0,0,0,0,0,0,0,1,0,1,0,0,0,0,0,0
80000200,2001,2,27,28,3,9,2,0,1,3,3,2,1,1,1,0,1,0,0,0,0,0,1
80000200,2001,2,28,0,0,0,0,0,0,0,0,0,0,0,0,0,0,0,0,0,0,0,0
80000200,2001,2,29,7,0,5,0,0,0,0,0,1,0,0,0,0,1,0,0,0,0,0,0
80000200,2002,1, 1,453,19,27,21,12,23,41,34,43,37,19,32,14,40,26,23,16,11,7,8
80000200,2002,1, 2,21,0,0,1,0,1,2,1,5,4,2,2,2,1,0,0,0,0,0,0
80000200,2002,1, 3,32,0,0,0,0,0,0,0,2,4,1,4,2,7,3,4,1,2,0,2
80000200,2002,1, 4,19,0,0,0,1,1,1,1,2,1,1,1,0,4,0,3,1,1,1,0
80000200,2002,1, 5,4,0,0,0,0,0,1,0,1,0,0,0,1,0,1,0,0,0,0,0
80000200,2002,1, 6,9,0,0,0,0,0,1,0,0,1,0,1,1,1,2,0,0,1,1,0
80000200,2002,1, 7,19,0,0,0,0,2,0,3,1,1,1,4,0,2,1,2,1,1,0,0
80000200,2002,1, 8,0,0,0,0,0,0,0,0,0,0,0,0,0,0,0,0,0,0,0,0
80000200,2002,1, 9,3,0,0,0,0,0,0,0,0,1,0,0,0,0,1,1,0,0,0,0
80000200,2002,1,10,4,0,0,0,0,0,0,0,1,0,1,1,0,1,0,0,0,0,0,0
80000200,2002,1,11,11,0,0,0,0,0,1,1,0,0,1,3,0,2,1,1,1,0,0,0
80000200,2002,1,12,8,0,0,1,1,2,0,0,0,1,1,0,1,0,1,0,0,0,0,0
80000200,2002,1,13,3,0,0,0,0,0,0,0,0,0,1,0,1,0,0,0,0,0,0,1
80000200,2002,1,14,10,1,0,0,2,1,1,1,1,0,1,0,0,0,0,0,1,0,0,1
80000200,2002,1,15,0,0,0,0,0,0,0,0,0,0,0,0,0,0,0,0,0,0,0,0
80000200,2002,1,16,0,0,0,0,0,0,0,0,0,0,0,0,0,0,0,0,0,0,0,0
80000200,2002,1,17,0,0,0,0,0,0,0,0,0,0,0,0,0,0,0,0,0,0,0,0
80000200,2002,1,18,0,0,0,0,0,0,0,0,0,0,0,0,0,0,0,0,0,0,0,0
80000200,2002,1,19,52,0,0,0,0,0,0,0,0,0,0,3,2,12,8,9,8,5,4,1
80000200,2002,1,20,0,0,0,0,0,0,0,0,0,0,0,0,0,0,0,0,0,0,0,0
80000200,2002,1,21,7,3,1,1,1,0,1,0,0,0,0,0,0,0,0,0,0,0,0,0
80000200,2002,1,22,8,0,0,0,0,0,0,0,0,0,1,1,0,0,2,1,1,0,1,1
80000200,2002,1,23,12,2,0,0,0,1,2,1,1,0,1,2,0,1,0,1,0,0,0,0
80000200,2002,1,24,1,0,0,0,0,0,0,0,1,0,0,0,0,0,0,0,0,0,0,0
80000200,2002,1,25,2,0,0,0,0,0,1,1,0,0,0,0,0,0,0,0,0,0,0,0
80000200,2002,1,26,11,0,3,1,0,0,2,2,1,0,0,0,2,0,0,0,0,0,0,0
80000200,2002,1,27,45,5,16,10,0,2,3,3,1,1,0,2,0,1,1,0,0,0,0,0
80000200,2002,1,28,3,0,0,0,0,0,0,0,1,0,0,0,1,1,0,0,0,0,0,0
80000200,2002,1,29,12,1,1,2,2,1,3,0,1,1,0,0,0,0,0,0,0,0,0,0
80000200,2002,2, 1,608,15,20,13,14,34,49,75,62,62,64,44,33,38,17,27,13,10,5,13
80000200,2002,2, 2,12,1,0,1,1,0,1,2,0,0,3,0,2,0,0,0,0,0,0,1
80000200,2002,2, 3,21,0,0,0,0,0,0,1,0,2,1,3,2,5,2,1,0,3,1,0
80000200,2002,2, 4,17,0,0,0,1,0,0,0,1,1,3,2,4,3,0,1,0,1,0,0
80000200,2002,2, 5,8,0,0,0,0,0,0,0,0,1,0,2,1,0,0,1,2,1,0,0
80000200,2002,2, 6,10,0,0,0,1,0,1,0,0,1,1,2,1,0,2,1,0,0,0,0
80000200,2002,2, 7,19,0,0,0,0,0,0,1,3,1,2,2,3,2,1,3,0,1,0,0
80000200,2002,2, 8,1,0,0,0,0,0,0,0,0,0,0,0,0,0,0,0,0,0,1,0
80000200,2002,2, 9,5,0,0,0,0,0,1,1,1,1,1,0,0,0,0,0,0,0,0,0
80000200,2002,2,10,1,0,0,0,0,0,0,0,1,0,0,0,0,0,0,0,0,0,0,0
80000200,2002,2,11,11,0,0,0,0,1,0,0,1,2,1,0,0,2,0,1,1,1,0,1
80000200,2002,2,12,10,1,1,2,2,2,0,0,0,0,1,0,0,0,0,0,0,0,1,0
80000200,2002,2,13,2,0,0,0,0,1,0,0,0,0,0,1,0,0,0,0,0,0,0,0
80000200,2002,2,14,9,1,0,0,2,0,0,0,0,2,0,1,1,1,0,1,0,0,0,0
80000200,2002,2,15,56,0,0,0,0,0,3,4,4,8,5,8,3,6,5,3,3,1,1,2
80000200,2002,2,16,138,0,0,0,0,5,10,14,16,18,27,12,8,9,2,12,3,0,1,1
80000200,2002,2,17,8,0,0,0,0,0,0,0,0,1,2,0,2,1,0,0,2,0,0,0
80000200,2002,2,18,24,0,1,0,0,0,1,3,2,5,3,2,1,2,1,2,0,0,0,1
80000200,2002,2,19,0,0,0,0,0,0,0,0,0,0,0,0,0,0,0,0,0,0,0,0
80000200,2002,2,20,0,0,0,0,0,0,0,0,0,0,0,0,0,0,0,0,0,0,0,0
80000200,2002,2,21,9,4,0,1,1,1,0,0,2,0,0,0,0,0,0,0,0,0,0,0
80000200,2002,2,22,6,0,0,0,0,0,0,0,1,1,0,0,0,3,0,0,1,0,0,0
80000200,2002,2,23,14,0,0,0,0,1,2,5,3,1,1,0,1,0,0,0,0,0,0,0
80000200,2002,2,24,2,0,0,0,0,0,0,0,1,0,0,0,1,0,0,0,0,0,0,0
80000200,2002,2,25,3,0,0,0,0,0,0,0,0,1,0,1,0,1,0,0,0,0,0,0
80000200,2002,2,26,8,0,0,0,1,1,1,3,0,2,0,0,0,0,0,0,0,0,0,0
80000200,2002,2,27,39,5,13,2,2,1,2,3,1,3,3,2,0,1,0,0,0,0,0,1
80000200,2002,2,28,1,0,0,0,0,0,0,0,0,1,0,0,0,0,0,0,0,0,0,0
80000200,2002,2,29,8,0,2,1,1,1,0,0,0,0,0,0,1,0,1,1,0,0,0,0
80000200,2003,1, 1,502,22,31,29,11,15,34,44,54,37,32,31,18,27,23,26,20,18,9,21
80000200,2003,1, 2,19,0,1,0,0,0,0,1,2,0,1,2,4,4,1,0,0,1,1,1
80000200,2003,1, 3,29,0,0,0,0,0,0,0,4,2,3,3,2,4,2,4,1,0,2,2
80000200,2003,1, 4,15,0,1,1,0,0,2,1,0,0,1,1,1,1,0,2,3,1,0,0
80000200,2003,1, 5,9,0,0,0,0,0,0,0,0,1,1,0,1,3,0,1,1,1,0,0
80000200,2003,1, 6,3,0,0,0,0,0,0,0,0,1,0,1,0,1,0,0,0,0,0,0
80000200,2003,1, 7,27,0,0,1,0,2,2,6,1,0,2,4,1,1,1,2,0,1,1,2
80000200,2003,1, 8,1,0,0,0,0,0,0,0,0,0,0,0,1,0,0,0,0,0,0,0
80000200,2003,1, 9,11,0,0,0,0,0,1,0,0,2,1,0,1,1,2,1,0,0,0,2
80000200,2003,1,10,8,0,0,0,0,1,0,0,1,1,0,1,1,1,1,0,0,1,0,0
80000200,2003,1,11,12,0,0,0,0,0,1,0,2,1,1,0,0,0,1,0,2,2,0,2
80000200,2003,1,12,5,0,1,1,0,2,0,1,0,0,0,0,0,0,0,0,0,0,0,0
80000200,2003,1,13,2,0,0,0,0,0,0,0,0,0,0,1,0,0,0,0,0,1,0,0
80000200,2003,1,14,12,2,1,1,2,0,0,1,2,0,2,1,0,0,0,0,0,0,0,0
80000200,2003,1,15,0,0,0,0,0,0,0,0,0,0,0,0,0,0,0,0,0,0,0,0
80000200,2003,1,16,0,0,0,0,0,0,0,0,0,0,0,0,0,0,0,0,0,0,0,0
80000200,2003,1,17,0,0,0,0,0,0,0,0,0,0,0,0,0,0,0,0,0,0,0,0
80000200,2003,1,18,0,0,0,0,0,0,0,0,0,0,0,0,0,0,0,0,0,0,0,0
80000200,2003,1,19,55,0,0,0,0,0,1,0,0,0,2,0,1,3,12,13,11,8,2,2
80000200,2003,1,20,4,0,0,0,2,0,0,0,0,1,1,0,0,0,0,0,0,0,0,0
80000200,2003,1,21,8,3,1,0,0,0,0,0,1,0,1,1,1,0,0,0,0,0,0,0
80000200,2003,1,22,2,0,0,0,0,0,0,1,0,1,0,0,0,0,0,0,0,0,0,0
80000200,2003,1,23,16,5,0,0,0,1,1,2,2,0,2,1,0,0,0,1,1,0,0,0
80000200,2003,1,24,7,2,0,0,1,0,1,0,0,1,1,1,0,0,0,0,0,0,0,0
80000200,2003,1,25,5,0,0,0,0,1,0,0,0,0,1,0,1,0,0,1,0,0,0,1
80000200,2003,1,26,10,0,1,2,2,2,0,1,1,0,1,0,0,0,0,0,0,0,0,0
80000200,2003,1,27,57,5,14,13,3,1,3,1,5,4,4,0,0,1,0,0,1,0,1,1
80000200,2003,1,28,5,0,0,0,0,0,0,0,0,1,0,3,0,1,0,0,0,0,0,0
80000200,2003,1,29,12,0,2,1,0,1,2,1,3,0,1,0,0,0,0,0,0,1,0,0
80000200,2003,2, 1,671,14,27,16,17,31,61,71,65,76,44,60,24,51,32,33,7,11,10,21
80000200,2003,2, 2,8,0,1,0,1,0,3,0,0,0,1,0,1,1,0,0,0,0,0,0
80000200,2003,2, 3,27,0,0,0,0,0,0,0,0,0,1,4,1,7,5,4,1,0,3,1
80000200,2003,2, 4,15,0,0,0,0,0,1,1,2,1,1,0,0,4,2,2,0,0,0,1
80000200,2003,2, 5,9,1,0,1,0,0,0,0,0,0,0,0,4,2,0,0,0,0,0,1
80000200,2003,2, 6,6,0,0,0,0,0,0,0,0,0,1,0,1,0,0,1,0,2,1,0
80000200,2003,2, 7,15,0,0,0,0,0,0,0,1,0,2,3,0,1,2,3,1,1,1,0
80000200,2003,2, 8,2,0,0,0,0,0,0,0,0,0,0,1,0,0,1,0,0,0,0,0
80000200,2003,2, 9,1,0,0,0,0,0,0,0,0,0,0,0,0,0,1,0,0,0,0,0
80000200,2003,2,10,2,0,0,0,0,0,0,1,0,1,0,0,0,0,0,0,0,0,0,0
80000200,2003,2,11,13,0,0,0,0,1,0,0,0,0,1,0,1,2,2,1,0,2,0,3
80000200,2003,2,12,7,0,1,1,1,1,2,0,0,0,0,0,0,0,0,1,0,0,0,0
80000200,2003,2,13,4,0,1,0,0,0,0,1,0,0,0,0,0,1,1,0,0,0,0,0
80000200,2003,2,14,8,0,1,1,2,2,0,0,0,0,0,0,1,0,1,0,0,0,0,0
80000200,2003,2,15,86,0,0,0,1,1,4,7,5,20,6,12,4,4,4,7,2,2,2,5
80000200,2003,2,16,128,0,0,0,0,3,5,12,23,17,16,15,7,14,6,4,0,2,0,4
80000200,2003,2,17,8,0,0,0,0,0,0,0,1,1,1,1,0,0,0,2,0,1,0,1
80000200,2003,2,18,24,0,0,1,2,1,2,2,1,3,3,2,0,1,2,1,2,1,0,0
80000200,2003,2,19,0,0,0,0,0,0,0,0,0,0,0,0,0,0,0,0,0,0,0,0
80000200,2003,2,20,0,0,0,0,0,0,0,0,0,0,0,0,0,0,0,0,0,0,0,0
80000200,2003,2,21,11,5,0,0,2,0,0,1,0,0,0,2,0,0,1,0,0,0,0,0
80000200,2003,2,22,6,0,0,0,0,0,0,0,0,0,0,0,1,0,0,2,1,0,2,0
80000200,2003,2,23,16,2,1,1,0,0,1,4,2,3,0,2,0,0,0,0,0,0,0,0
80000200,2003,2,24,10,0,1,2,0,0,0,1,0,1,1,1,0,2,0,1,0,0,0,0
80000200,2003,2,25,11,0,0,1,0,1,0,1,0,2,0,4,0,2,0,0,0,0,0,0
80000200,2003,2,26,19,0,1,1,1,1,5,4,0,2,0,2,0,1,0,1,0,0,0,0
80000200,2003,2,27,50,2,15,4,1,0,7,7,4,2,2,4,0,1,0,1,0,0,0,0
80000200,2003,2,28,5,0,0,0,0,0,0,0,0,1,0,0,0,4,0,0,0,0,0,0
80000200,2003,2,29,7,0,1,0,0,1,1,0,1,0,0,0,0,0,1,0,0,0,0,2
80000200,2004,1, 1,620,23,27,29,16,21,38,71,68,33,39,36,24,37,33,30,30,21,10,34
80000200,2004,1, 2,20,0,0,1,0,1,0,4,2,2,1,1,0,4,1,1,1,0,0,1
80000200,2004,1, 3,31,0,0,0,0,0,0,0,2,0,5,4,1,5,3,3,2,1,1,4
80000200,2004,1, 4,19,0,0,0,0,1,0,1,2,0,1,2,2,2,1,3,0,2,1,1
80000200,2004,1, 5,13,0,0,0,0,0,1,1,1,3,1,2,0,0,0,1,0,0,1,2
80000200,2004,1, 6,13,0,0,0,0,1,0,3,1,1,0,3,1,0,0,1,1,0,0,1
80000200,2004,1, 7,36,0,0,0,1,2,3,1,6,4,2,2,2,3,0,1,1,5,1,2
80000200,2004,1, 8,1,0,0,0,0,0,0,0,0,0,0,0,1,0,0,0,0,0,0,0
80000200,2004,1, 9,8,0,0,0,0,0,0,2,1,0,0,0,0,1,1,2,0,0,1,0
80000200,2004,1,10,5,0,0,1,0,0,0,0,2,0,1,1,0,0,0,0,0,0,0,0
80000200,2004,1,11,17,0,0,0,0,0,0,0,3,1,1,1,1,3,4,2,0,1,0,0
80000200,2004,1,12,11,1,0,3,3,2,0,0,0,1,0,0,0,0,1,0,0,0,0,0
80000200,2004,1,13,5,0,0,0,0,0,1,0,1,0,0,0,0,0,1,1,1,0,0,0
80000200,2004,1,14,10,1,0,1,1,0,1,2,2,1,1,0,0,0,0,0,0,0,0,0
80000200,2004,1,15,0,0,0,0,0,0,0,0,0,0,0,0,0,0,0,0,0,0,0,0
80000200,2004,1,16,0,0,0,0,0,0,0,0,0,0,0,0,0,0,0,0,0,0,0,0
80000200,2004,1,17,0,0,0,0,0,0,0,0,0,0,0,0,0,0,0,0,0,0,0,0
80000200,2004,1,18,0,0,0,0,0,0,0,0,0,0,0,0,0,0,0,0,0,0,0,0
80000200,2004,1,19,68,0,0,0,0,0,0,0,0,0,1,1,6,9,11,8,13,8,3,8
80000200,2004,1,20,4,1,0,2,1,0,0,0,0,0,0,0,0,0,0,0,0,0,0,0
80000200,2004,1,21,8,3,1,1,1,0,0,0,0,0,0,1,0,0,0,0,1,0,0,0
80000200,2004,1,22,7,0,0,0,0,0,0,0,0,0,0,0,0,1,0,2,1,2,1,0
80000200,2004,1,23,11,3,1,0,0,0,1,3,0,0,1,0,1,0,0,0,0,0,0,1
80000200,2004,1,24,11,1,1,1,1,2,0,2,0,0,1,0,0,0,1,0,1,0,0,0
80000200,2004,1,25,6,0,0,0,0,0,1,2,0,0,0,0,1,0,1,0,0,0,0,1
80000200,2004,1,26,5,0,0,1,0,0,1,0,1,0,1,0,1,0,0,0,0,0,0,0
80000200,2004,1,27,55,5,12,4,3,3,2,4,4,3,5,1,2,2,1,1,0,0,0,3
80000200,2004,1,28,8,0,0,0,0,0,1,0,1,1,0,0,1,0,2,1,1,0,0,0
80000200,2004,1,29,15,0,3,5,1,1,1,0,0,0,0,0,0,0,1,1,0,0,0,2
80000200,2004,2, 1,802,14,29,19,24,34,75,68,62,95,58,69,37,62,30,41,17,9,7,52
80000200,2004,2, 2,12,0,0,0,0,1,0,0,0,1,1,1,3,1,1,1,0,0,1,1
80000200,2004,2, 3,28,0,0,0,0,0,0,0,0,1,1,4,0,8,1,3,1,4,2,3
80000200,2004,2, 4,26,0,0,0,0,0,0,0,0,7,3,2,1,4,1,3,2,0,1,2
80000200,2004,2, 5,17,0,0,0,0,0,0,0,0,1,2,1,1,4,0,1,3,0,1,3
80000200,2004,2, 6,16,0,0,0,0,0,3,2,2,1,2,0,0,3,1,1,0,1,0,0
80000200,2004,2, 7,30,1,0,0,1,0,2,3,0,3,1,7,1,2,2,3,1,0,1,2
80000200,2004,2, 8,2,0,0,0,0,0,0,0,0,0,0,1,0,0,0,1,0,0,0,0
80000200,2004,2, 9,8,0,0,0,0,0,1,0,0,0,0,1,3,1,0,1,0,0,0,1
80000200,2004,2,10,1,0,0,0,0,0,0,0,0,0,0,1,0,0,0,0,0,0,0,0
80000200,2004,2,11,6,0,0,0,0,0,0,0,1,0,0,1,0,0,1,1,0,0,0,2
80000200,2004,2,12,9,0,0,1,0,2,1,0,0,1,0,0,0,1,0,1,1,0,0,1
80000200,2004,2,13,7,0,0,1,0,0,0,0,1,0,0,1,0,2,0,1,1,0,0,0
80000200,2004,2,14,15,0,0,2,2,2,2,0,1,0,0,2,0,1,1,0,1,0,0,1
80000200,2004,2,15,108,0,0,0,0,1,7,12,7,14,13,14,8,14,9,3,2,1,0,3
80000200,2004,2,16,152,0,0,0,0,2,8,10,16,32,21,17,14,8,5,8,1,2,0,8
80000200,2004,2,17,11,0,0,0,0,0,0,2,0,2,0,2,2,2,0,0,0,0,0,1
80000200,2004,2,18,19,0,0,1,1,0,0,0,1,4,1,1,1,2,0,2,2,0,0,3
80000200,2004,2,19,0,0,0,0,0,0,0,0,0,0,0,0,0,0,0,0,0,0,0,0
80000200,2004,2,20,0,0,0,0,0,0,0,0,0,0,0,0,0,0,0,0,0,0,0,0
80000200,2004,2,21,7,1,2,0,2,0,0,0,0,1,0,0,0,0,0,1,0,0,0,0
80000200,2004,2,22,6,0,0,0,0,1,0,0,0,0,0,1,0,0,0,1,2,0,0,1
80000200,2004,2,23,15,3,1,0,0,1,0,3,4,0,0,1,0,1,1,0,0,0,0,0
80000200,2004,2,24,7,1,1,1,0,0,0,0,0,0,0,0,0,1,1,1,0,0,0,1
80000200,2004,2,25,9,0,0,0,0,2,1,0,0,2,0,0,1,1,0,0,0,0,0,2
80000200,2004,2,26,6,1,0,1,0,1,1,1,0,0,0,0,0,1,0,0,0,0,0,0
80000200,2004,2,27,53,5,18,3,4,2,5,0,3,8,1,2,0,0,1,1,0,0,0,0
80000200,2004,2,28,2,0,0,0,0,0,0,0,0,0,0,0,0,0,1,0,0,0,1,0
80000200,2004,2,29,10,0,2,1,2,0,0,1,0,1,0,1,0,0,0,0,0,0,0,2
80000200,2005,1, 1,600,28,40,17,29,29,48,46,58,33,36,42,26,25,35,19,25,17,9,38
80000200,2005,1, 2,25,0,0,2,2,4,1,0,3,1,3,3,3,1,1,0,0,1,0,0
80000200,2005,1, 3,30,0,0,0,0,0,0,1,1,1,3,1,4,4,3,0,2,1,2,7
80000200,2005,1, 4,16,0,0,0,0,0,3,0,0,0,1,3,0,2,3,1,1,1,1,0
80000200,2005,1, 5,9,0,0,0,0,0,0,0,1,0,1,1,3,0,0,0,0,3,0,0
80000200,2005,1, 6,13,0,0,0,0,0,0,0,2,1,2,1,1,1,3,1,1,0,0,0
80000200,2005,1, 7,32,0,0,1,1,1,3,1,2,4,3,4,0,3,3,4,1,0,0,1
80000200,2005,1, 8,0,0,0,0,0,0,0,0,0,0,0,0,0,0,0,0,0,0,0,0
80000200,2005,1, 9,3,0,0,0,1,0,0,0,0,0,0,0,1,0,0,0,0,0,1,0
80000200,2005,1,10,8,0,0,0,0,0,1,1,0,0,1,2,0,0,1,1,1,0,0,0
80000200,2005,1,11,11,0,0,0,0,0,1,1,1,0,0,1,1,1,1,0,0,1,0,3
80000200,2005,1,12,9,0,1,0,2,3,0,0,0,0,0,1,0,1,0,1,0,0,0,0
80000200,2005,1,13,3,0,0,0,0,0,0,0,0,1,0,1,1,0,0,0,0,0,0,0
80000200,2005,1,14,11,1,3,1,2,0,0,1,1,0,1,0,0,0,0,0,1,0,0,0
80000200,2005,1,15,0,0,0,0,0,0,0,0,0,0,0,0,0,0,0,0,0,0,0,0
80000200,2005,1,16,0,0,0,0,0,0,0,0,0,0,0,0,0,0,0,0,0,0,0,0
80000200,2005,1,17,0,0,0,0,0,0,0,0,0,0,0,0,0,0,0,0,0,0,0,0
80000200,2005,1,18,0,0,0,0,0,0,0,0,0,0,0,0,0,0,0,0,0,0,0,0
80000200,2005,1,19,64,0,0,0,0,0,0,0,0,1,1,4,1,6,10,8,14,9,5,5
80000200,2005,1,20,1,1,0,0,0,0,0,0,0,0,0,0,0,0,0,0,0,0,0,0
80000200,2005,1,21,11,4,3,1,2,0,0,0,0,0,0,0,1,0,0,0,0,0,0,0
80000200,2005,1,22,12,1,1,0,0,1,0,0,0,1,1,2,1,1,2,0,0,0,0,1
80000200,2005,1,23,15,6,1,0,0,0,1,3,1,1,0,0,1,0,1,0,0,0,0,0
80000200,2005,1,24,11,1,1,0,1,2,1,2,1,0,1,0,1,0,0,0,0,0,0,0
80000200,2005,1,25,3,0,0,0,0,0,0,0,1,0,0,0,0,2,0,0,0,0,0,0
80000200,2005,1,26,12,0,0,1,2,2,2,0,0,1,2,0,0,0,1,1,0,0,0,0
80000200,2005,1,27,61,4,15,4,5,2,5,4,7,2,5,3,0,1,1,0,0,0,0,3
80000200,2005,1,28,6,0,0,0,0,0,0,0,1,1,1,1,1,0,0,1,0,0,0,0
80000200,2005,1,29,15,1,3,1,1,2,0,1,0,0,1,1,0,1,0,0,0,0,0,3
80000200,2005,2, 1,834,16,26,17,22,35,50,108,72,97,59,65,40,63,29,37,23,26,3,46
80000200,2005,2, 2,18,0,1,0,0,0,0,2,2,0,2,1,2,4,0,1,1,1,0,1
80000200,2005,2, 3,16,0,0,0,0,0,0,1,0,1,1,1,1,2,2,1,1,4,1,0
80000200,2005,2, 4,18,0,0,0,0,1,0,1,1,1,0,2,0,3,1,2,2,2,0,2
80000200,2005,2, 5,11,0,0,0,0,0,0,0,0,1,0,2,0,1,3,1,1,1,0,1
80000200,2005,2, 6,16,0,0,0,0,0,0,0,0,3,2,5,0,2,0,1,0,3,0,0
80000200,2005,2, 7,26,1,1,0,0,1,2,4,1,1,0,1,2,0,2,3,2,1,0,4
80000200,2005,2, 8,1,0,0,0,0,0,0,0,0,1,0,0,0,0,0,0,0,0,0,0
80000200,2005,2, 9,2,0,0,0,0,1,0,0,0,0,1,0,0,0,0,0,0,0,0,0
80000200,2005,2,10,1,0,0,0,0,0,0,0,0,1,0,0,0,0,0,0,0,0,0,0
80000200,2005,2,11,13,0,0,0,0,0,0,0,2,0,1,0,1,1,1,5,0,2,0,0
80000200,2005,2,12,13,0,0,2,3,1,0,2,0,1,1,0,0,1,0,0,2,0,0,0
80000200,2005,2,13,8,0,0,0,0,0,0,2,0,1,1,1,1,0,0,1,1,0,0,0
80000200,2005,2,14,20,0,1,2,1,2,1,3,2,1,1,0,1,2,1,0,0,0,0,2
80000200,2005,2,15,92,0,0,0,0,3,6,9,6,10,9,7,7,8,6,5,6,3,0,7
80000200,2005,2,16,188,0,0,0,0,1,7,25,18,30,20,29,11,17,3,10,3,4,0,10
80000200,2005,2,17,12,0,0,0,0,0,0,0,0,1,2,2,2,1,3,1,0,0,0,0
80000200,2005,2,18,34,0,0,1,2,4,0,1,0,6,1,4,4,5,1,1,0,2,0,2
80000200,2005,2,19,0,0,0,0,0,0,0,0,0,0,0,0,0,0,0,0,0,0,0,0
80000200,2005,2,20,0,0,0,0,0,0,0,0,0,0,0,0,0,0,0,0,0,0,0,0
80000200,2005,2,21,4,2,0,0,0,0,0,0,1,0,0,0,1,0,0,0,0,0,0,0
80000200,2005,2,22,4,0,0,0,0,0,0,1,0,1,0,0,0,1,0,0,0,0,0,1
80000200,2005,2,23,17,4,0,1,0,0,3,3,2,1,1,1,0,0,0,1,0,0,0,0
80000200,2005,2,24,4,1,0,0,0,0,0,0,1,0,0,0,0,0,0,1,0,0,1,0
80000200,2005,2,25,9,0,0,0,1,0,1,0,1,2,1,0,1,2,0,0,0,0,0,0
80000200,2005,2,26,12,0,1,0,0,0,2,2,2,1,1,0,0,2,1,0,0,0,0,0
80000200,2005,2,27,40,7,11,0,3,1,2,5,3,2,1,2,0,0,1,0,0,0,0,2
80000200,2005,2,28,3,0,0,0,0,0,0,0,0,0,0,0,0,2,0,0,0,0,0,1
80000200,2005,2,29,17,0,4,1,3,0,1,2,0,0,0,0,2,0,0,0,0,1,1,2
80000200,2006,1, 1,648,23,30,30,28,33,49,53,63,51,45,32,25,39,37,36,36,17,13,8
80000200,2006,1, 2,28,0,0,0,2,1,4,3,1,2,5,0,0,5,2,0,2,1,0,0
80000200,2006,1, 3,40,0,0,0,0,0,0,3,2,2,6,4,5,5,5,2,4,1,1,0
80000200,2006,1, 4,13,0,0,0,0,0,0,0,0,0,1,2,2,2,3,2,1,0,0,0
80000200,2006,1, 5,14,0,0,0,0,2,0,2,1,0,2,3,2,2,0,0,0,0,0,0
80000200,2006,1, 6,9,0,0,0,0,1,1,0,2,2,2,0,0,0,1,0,0,0,0,0
80000200,2006,1, 7,42,0,1,0,1,4,4,1,7,7,7,2,2,1,0,4,0,1,0,0
80000200,2006,1, 8,0,0,0,0,0,0,0,0,0,0,0,0,0,0,0,0,0,0,0,0
80000200,2006,1, 9,5,0,0,0,0,0,1,0,2,0,0,0,0,0,1,0,1,0,0,0
80000200,2006,1,10,4,0,0,0,0,1,0,0,0,0,0,1,0,0,0,1,0,0,1,0
80000200,2006,1,11,9,0,0,0,0,0,1,0,1,3,0,0,1,0,1,1,0,1,0,0
80000200,2006,1,12,15,0,0,0,6,2,0,0,1,0,0,2,1,1,0,2,0,0,0,0
80000200,2006,1,13,3,0,0,0,0,0,0,0,0,1,1,0,0,0,0,1,0,0,0,0
80000200,2006,1,14,22,2,2,2,4,1,0,1,3,1,2,0,3,1,0,0,0,0,0,0
80000200,2006,1,15,0,0,0,0,0,0,0,0,0,0,0,0,0,0,0,0,0,0,0,0
80000200,2006,1,16,0,0,0,0,0,0,0,0,0,0,0,0,0,0,0,0,0,0,0,0
80000200,2006,1,17,0,0,0,0,0,0,0,0,0,0,0,0,0,0,0,0,0,0,0,0
80000200,2006,1,18,0,0,0,0,0,0,0,0,0,0,0,0,0,0,0,0,0,0,0,0
80000200,2006,1,19,103,0,0,0,0,1,0,2,0,0,2,6,3,15,13,17,22,12,7,3
80000200,2006,1,20,2,0,0,0,0,0,0,2,0,0,0,0,0,0,0,0,0,0,0,0
80000200,2006,1,21,8,6,1,1,0,0,0,0,0,0,0,0,0,0,0,0,0,0,0,0
80000200,2006,1,22,7,0,1,0,0,0,0,0,0,0,1,1,0,0,0,1,2,0,1,0
80000200,2006,1,23,14,3,1,0,0,3,0,1,0,2,0,2,0,1,0,0,0,0,0,1
80000200,2006,1,24,10,0,2,1,0,1,2,0,0,0,0,1,1,0,0,0,2,0,0,0
80000200,2006,1,25,1,0,0,0,0,0,0,0,0,0,0,0,0,0,1,0,0,0,0,0
80000200,2006,1,26,7,1,0,2,0,1,0,0,1,0,1,0,1,0,0,0,0,0,0,0
80000200,2006,1,27,60,5,17,7,6,5,2,5,5,2,1,2,0,1,0,1,0,0,1,0
80000200,2006,1,28,4,0,0,0,0,0,0,1,0,1,1,0,1,0,0,0,0,0,0,0
80000200,2006,1,29,21,1,1,7,3,0,1,1,3,1,0,0,0,0,3,0,0,0,0,0
80000200,2006,2, 1,867,25,20,15,17,43,73,96,97,84,49,71,45,56,42,49,17,22,10,36
80000200,2006,2, 2,20,2,0,1,0,0,1,3,0,2,1,3,2,0,1,1,1,2,0,0
80000200,2006,2, 3,38,0,0,0,0,0,0,1,0,3,0,2,3,6,7,8,0,5,2,1
80000200,2006,2, 4,13,0,0,0,0,1,2,1,1,0,1,0,0,4,0,2,0,0,1,0
80000200,2006,2, 5,11,0,0,0,0,1,0,1,1,0,0,3,0,1,1,1,0,1,1,0
80000200,2006,2, 6,12,0,0,0,0,0,0,0,1,0,0,2,1,1,0,2,1,1,2,1
80000200,2006,2, 7,41,1,0,0,3,3,4,3,1,4,1,3,2,5,3,2,1,5,0,0
80000200,2006,2, 8,0,0,0,0,0,0,0,0,0,0,0,0,0,0,0,0,0,0,0,0
80000200,2006,2, 9,7,0,0,0,0,0,0,0,0,0,0,1,0,1,3,2,0,0,0,0
80000200,2006,2,10,2,0,1,0,0,0,0,0,0,0,0,0,0,1,0,0,0,0,0,0
80000200,2006,2,11,16,0,0,1,0,0,0,1,0,0,0,2,4,1,3,3,1,0,0,0
80000200,2006,2,12,8,0,0,1,3,1,0,0,0,1,0,0,2,0,0,0,0,0,0,0
80000200,2006,2,13,2,0,0,0,0,0,0,1,0,0,0,0,0,0,0,1,0,0,0,0
80000200,2006,2,14,10,0,0,0,1,0,1,0,1,1,1,3,0,0,1,0,0,1,0,0
80000200,2006,2,15,106,0,0,0,1,2,5,9,16,13,14,11,7,10,6,6,1,2,1,2
80000200,2006,2,16,209,0,0,0,0,8,13,20,27,31,18,22,16,13,7,6,3,1,0,24
80000200,2006,2,17,11,0,0,0,0,0,0,0,0,0,0,2,0,4,0,0,1,1,1,2
80000200,2006,2,18,25,0,1,0,1,3,7,1,2,3,0,2,0,2,0,1,0,0,1,1
80000200,2006,2,19,0,0,0,0,0,0,0,0,0,0,0,0,0,0,0,0,0,0,0,0
80000200,2006,2,20,0,0,0,0,0,0,0,0,0,0,0,0,0,0,0,0,0,0,0,0
80000200,2006,2,21,7,2,1,0,0,0,0,0,3,0,0,0,0,1,0,0,0,0,0,0
80000200,2006,2,22,8,0,0,0,1,0,0,1,0,1,0,0,1,2,0,2,0,0,0,0
80000200,2006,2,23,28,4,0,2,0,0,7,5,2,3,1,0,1,0,0,1,1,1,0,0
80000200,2006,2,24,6,0,1,0,0,1,0,0,0,0,1,1,0,0,1,1,0,0,0,0
80000200,2006,2,25,15,1,0,0,0,0,1,1,2,3,0,0,1,1,0,1,3,1,0,0
80000200,2006,2,26,2,0,0,0,0,0,0,0,0,0,0,1,1,0,0,0,0,0,0,0
80000200,2006,2,27,54,8,9,3,3,1,4,6,4,4,3,0,1,0,4,3,1,0,0,0
80000200,2006,2,28,7,0,0,0,0,0,0,0,1,0,0,1,1,0,3,0,1,0,0,0
80000200,2006,2,29,12,3,1,1,2,1,0,1,1,0,1,0,0,1,0,0,0,0,0,0
80000200,2007,1, 1,694,23,33,23,25,26,47,65,71,52,45,48,30,36,43,51,33,17,9,17
80000200,2007,1, 2,20,0,0,0,1,1,0,2,0,0,1,3,3,1,1,2,0,0,1,4
80000200,2007,1, 3,51,0,0,0,0,0,0,0,6,3,8,7,5,7,7,4,0,0,4,0
80000200,2007,1, 4,23,0,0,0,0,0,0,1,4,3,3,3,0,2,2,4,0,1,0,0
80000200,2007,1, 5,13,0,0,0,0,0,1,0,2,1,1,2,0,0,1,3,0,1,0,1
80000200,2007,1, 6,14,0,0,0,0,0,1,2,1,0,0,0,2,2,2,1,1,1,0,1
80000200,2007,1, 7,53,0,0,1,3,1,6,4,8,4,3,5,1,4,3,3,3,1,1,2
80000200,2007,1, 8,1,0,0,0,0,0,0,0,0,0,0,0,1,0,0,0,0,0,0,0
80000200,2007,1, 9,5,0,0,0,0,0,0,0,0,0,0,0,1,0,0,1,1,0,0,2
80000200,2007,1,10,6,0,0,0,0,0,0,0,1,0,1,2,0,0,2,0,0,0,0,0
80000200,2007,1,11,17,1,0,0,0,1,1,1,0,0,0,5,2,2,3,0,1,0,0,0
80000200,2007,1,12,9,1,0,1,2,3,1,0,0,0,1,0,0,0,0,0,0,0,0,0
80000200,2007,1,13,0,0,0,0,0,0,0,0,0,0,0,0,0,0,0,0,0,0,0,0
80000200,2007,1,14,7,1,0,2,0,0,2,0,0,0,1,0,0,1,0,0,0,0,0,0
80000200,2007,1,15,0,0,0,0,0,0,0,0,0,0,0,0,0,0,0,0,0,0,0,0
80000200,2007,1,16,0,0,0,0,0,0,0,0,0,0,0,0,0,0,0,0,0,0,0,0
80000200,2007,1,17,0,0,0,0,0,0,0,0,0,0,0,0,0,0,0,0,0,0,0,0
80000200,2007,1,18,0,0,0,0,0,0,0,0,0,0,0,0,0,0,0,0,0,0,0,0
80000200,2007,1,19,83,0,0,0,0,0,0,0,0,1,0,3,6,9,9,23,18,11,2,1
80000200,2007,1,20,1,0,0,0,0,0,0,1,0,0,0,0,0,0,0,0,0,0,0,0
80000200,2007,1,21,6,3,0,0,0,0,0,1,1,0,0,1,0,0,0,0,0,0,0,0
80000200,2007,1,22,5,0,0,0,0,1,0,0,0,0,1,1,0,1,0,0,1,0,0,0
80000200,2007,1,23,17,2,0,0,3,1,1,0,3,2,3,2,0,0,0,0,0,0,0,0
80000200,2007,1,24,8,0,1,0,1,0,0,0,1,0,0,0,2,1,1,1,0,0,0,0
80000200,2007,1,25,5,0,0,0,0,1,0,0,0,0,1,1,0,0,2,0,0,0,0,0
80000200,2007,1,26,10,2,4,0,0,0,0,1,1,1,1,0,0,0,0,0,0,0,0,0
80000200,2007,1,27,71,5,14,8,5,3,2,5,3,12,3,2,3,0,3,1,0,1,1,0
80000200,2007,1,28,4,0,1,0,0,0,0,0,1,0,0,0,0,1,1,0,0,0,0,0
80000200,2007,1,29,13,0,2,2,3,2,1,2,0,0,0,1,0,0,0,0,0,0,0,0
80000200,2007,2, 1,874,17,25,14,19,40,78,98,79,94,87,74,47,56,51,45,15,16,4,15
80000200,2007,2, 2,17,0,0,0,3,0,4,1,1,0,1,0,2,2,0,2,0,0,0,1
80000200,2007,2, 3,28,0,0,0,0,0,0,0,0,3,3,4,1,4,3,8,1,1,0,0
80000200,2007,2, 4,12,0,1,0,0,0,0,0,1,1,1,0,0,3,2,1,2,0,0,0
80000200,2007,2, 5,11,0,0,0,0,0,0,0,1,0,0,3,0,1,3,1,1,1,0,0
80000200,2007,2, 6,18,0,0,0,0,0,1,1,0,0,2,1,6,2,2,0,1,1,1,0
80000200,2007,2, 7,32,0,0,0,0,1,5,2,1,4,2,6,1,4,3,2,0,1,0,0
80000200,2007,2, 8,0,0,0,0,0,0,0,0,0,0,0,0,0,0,0,0,0,0,0,0
80000200,2007,2, 9,8,0,0,0,0,0,0,0,0,3,0,0,0,0,0,1,4,0,0,0
80000200,2007,2,10,1,0,0,0,0,0,0,1,0,0,0,0,0,0,0,0,0,0,0,0
80000200,2007,2,11,12,0,0,0,0,0,0,0,0,0,2,2,1,2,3,2,0,0,0,0
80000200,2007,2,12,8,0,0,0,3,2,0,0,0,0,0,1,2,0,0,0,0,0,0,0
80000200,2007,2,13,9,0,0,0,0,1,1,0,0,0,2,0,0,1,1,2,1,0,0,0
80000200,2007,2,14,11,0,0,1,0,2,2,2,0,1,1,0,0,1,0,1,0,0,0,0
80000200,2007,2,15,108,0,0,0,0,4,6,9,9,20,24,10,11,5,5,4,0,0,0,1
80000200,2007,2,16,213,0,0,0,0,3,11,18,25,30,32,25,13,17,13,9,2,8,1,6
80000200,2007,2,17,23,0,0,0,0,0,1,2,0,1,2,3,1,5,4,4,0,0,0,0
80000200,2007,2,18,27,0,0,0,3,2,2,1,3,6,0,2,3,1,2,0,0,2,0,0
80000200,2007,2,19,0,0,0,0,0,0,0,0,0,0,0,0,0,0,0,0,0,0,0,0
80000200,2007,2,20,0,0,0,0,0,0,0,0,0,0,0,0,0,0,0,0,0,0,0,0
80000200,2007,2,21,12,4,3,1,0,0,0,0,1,0,0,1,0,1,1,0,0,0,0,0
80000200,2007,2,22,3,0,0,0,0,0,0,0,0,0,0,2,0,0,0,0,0,0,1,0
80000200,2007,2,23,17,2,0,0,0,1,2,4,4,2,2,0,0,0,0,0,0,0,0,0
80000200,2007,2,24,4,1,2,0,0,0,0,1,0,0,0,0,0,0,0,0,0,0,0,0
80000200,2007,2,25,12,0,0,0,0,2,2,0,1,0,1,2,1,0,3,0,0,0,0,0
80000200,2007,2,26,4,0,1,0,0,1,0,0,0,0,0,0,0,0,0,1,0,0,0,1
80000200,2007,2,27,45,5,10,7,2,1,2,3,4,2,1,3,0,0,0,4,0,0,0,1
80000200,2007,2,28,8,0,0,0,1,0,0,0,0,2,0,0,0,2,1,1,1,0,0,0
80000200,2007,2,29,10,2,1,0,1,1,1,0,1,0,0,1,0,1,0,0,1,0,0,0
80000200,2008,1, 1,676,19,31,31,18,30,48,62,73,68,47,43,40,31,43,42,12,16,9,13
80000200,2008,1, 2,37,1,1,0,1,2,3,4,2,5,6,3,1,3,3,2,0,0,0,0
80000200,2008,1, 3,46,0,0,0,0,0,0,0,3,6,7,6,8,1,8,4,0,2,1,0
80000200,2008,1, 4,15,0,0,0,0,0,1,2,1,0,0,3,2,1,2,1,2,0,0,0
80000200,2008,1, 5,11,0,0,0,0,0,0,0,1,1,2,1,1,1,1,1,1,1,0,0
80000200,2008,1, 6,9,0,0,0,1,0,1,1,2,2,1,1,0,0,0,0,0,0,0,0
80000200,2008,1, 7,31,0,0,1,1,3,2,4,2,2,3,2,1,1,3,4,1,1,0,0
80000200,2008,1, 8,0,0,0,0,0,0,0,0,0,0,0,0,0,0,0,0,0,0,0,0
80000200,2008,1, 9,7,0,0,0,0,0,0,0,1,1,1,0,3,0,1,0,0,0,0,0
80000200,2008,1,10,6,0,0,0,0,0,0,0,0,0,1,2,1,0,1,1,0,0,0,0
80000200,2008,1,11,11,0,0,0,1,1,0,0,0,4,1,1,0,1,0,1,1,0,0,0
80000200,2008,1,12,11,0,0,2,3,0,1,0,2,0,0,0,2,0,0,1,0,0,0,0
80000200,2008,1,13,2,0,0,0,0,0,0,0,0,0,0,1,0,0,0,1,0,0,0,0
80000200,2008,1,14,7,1,1,1,0,0,0,0,1,1,0,0,0,1,0,1,0,0,0,0
80000200,2008,1,15,0,0,0,0,0,0,0,0,0,0,0,0,0,0,0,0,0,0,0,0
80000200,2008,1,16,0,0,0,0,0,0,0,0,0,0,0,0,0,0,0,0,0,0,0,0
80000200,2008,1,17,0,0,0,0,0,0,0,0,0,0,0,0,0,0,0,0,0,0,0,0
80000200,2008,1,18,0,0,0,0,0,0,0,0,0,0,0,0,0,0,0,0,0,0,0,0
80000200,2008,1,19,76,0,0,0,0,0,0,0,1,1,1,1,5,16,12,13,6,9,8,3
80000200,2008,1,20,2,0,0,0,0,1,1,0,0,0,0,0,0,0,0,0,0,0,0,0
80000200,2008,1,21,12,6,0,0,0,0,1,0,0,0,0,0,3,1,1,0,0,0,0,0
80000200,2008,1,22,7,0,0,0,0,1,1,0,1,0,0,0,0,0,1,0,1,2,0,0
80000200,2008,1,23,19,2,1,0,0,0,1,4,3,4,1,0,0,0,2,0,0,0,0,1
80000200,2008,1,24,14,1,1,2,0,0,0,2,1,1,1,2,1,1,1,0,0,0,0,0
80000200,2008,1,25,3,0,0,0,0,0,1,0,0,0,0,1,1,0,0,0,0,0,0,0
80000200,2008,1,26,13,0,1,3,1,1,2,1,1,2,1,0,0,0,0,0,0,0,0,0
80000200,2008,1,27,67,3,18,10,3,2,2,2,8,7,5,3,2,0,1,1,0,0,0,0
80000200,2008,1,28,5,0,0,1,0,0,0,0,0,0,2,0,0,0,0,2,0,0,0,0
80000200,2008,1,29,23,2,4,5,2,3,0,1,3,1,0,0,1,0,1,0,0,0,0,0
80000200,2008,2, 1,834,15,22,10,31,40,75,96,94,82,82,58,46,61,33,35,14,23,9,8
80000200,2008,2, 2,22,0,0,1,1,1,2,4,5,1,1,1,0,1,2,1,0,1,0,0
80000200,2008,2, 3,32,0,0,0,0,0,0,0,0,2,1,6,7,3,3,4,4,1,1,0
80000200,2008,2, 4,8,0,0,0,0,0,0,0,0,1,0,1,0,1,2,1,1,1,0,0
80000200,2008,2, 5,11,0,0,0,0,0,1,0,0,2,2,1,2,1,0,2,0,0,0,0
80000200,2008,2, 6,15,0,0,0,0,0,4,0,1,0,1,3,1,2,1,1,0,1,0,0
80000200,2008,2, 7,37,0,0,0,2,1,2,4,3,4,5,0,3,5,3,1,2,1,1,0
80000200,2008,2, 8,0,0,0,0,0,0,0,0,0,0,0,0,0,0,0,0,0,0,0,0
80000200,2008,2, 9,10,0,0,0,0,0,0,0,0,2,3,0,1,1,1,1,0,1,0,0
80000200,2008,2,10,4,0,0,1,0,0,0,0,0,0,0,0,0,0,1,1,0,1,0,0
80000200,2008,2,11,18,0,0,0,0,0,2,0,1,0,4,2,0,3,1,2,1,2,0,0
80000200,2008,2,12,5,0,1,0,2,0,0,0,1,0,1,0,0,0,0,0,0,0,0,0
80000200,2008,2,13,6,0,0,0,0,0,0,1,1,0,1,0,0,1,1,0,0,0,1,0
80000200,2008,2,14,8,1,0,0,4,0,0,1,2,0,0,0,0,0,0,0,0,0,0,0
80000200,2008,2,15,116,0,0,0,0,1,3,11,13,18,12,12,11,10,5,7,3,5,2,3
80000200,2008,2,16,183,0,0,0,0,1,13,24,26,33,23,19,11,15,3,8,1,4,0,2
80000200,2008,2,17,5,0,0,0,0,0,0,0,1,0,0,2,0,0,0,1,0,1,0,0
80000200,2008,2,18,22,0,0,0,1,2,0,1,5,2,2,0,1,3,1,2,0,1,0,1
80000200,2008,2,19,0,0,0,0,0,0,0,0,0,0,0,0,0,0,0,0,0,0,0,0
80000200,2008,2,20,0,0,0,0,0,0,0,0,0,0,0,0,0,0,0,0,0,0,0,0
80000200,2008,2,21,9,6,0,0,0,0,0,1,1,0,0,0,0,0,0,0,0,0,1,0
80000200,2008,2,22,2,0,0,0,0,0,0,0,0,0,0,0,1,0,0,0,0,1,0,0
80000200,2008,2,23,17,1,0,0,1,0,3,2,6,0,3,1,0,0,0,0,0,0,0,0
80000200,2008,2,24,10,2,1,0,1,3,0,0,1,0,0,0,1,1,0,0,0,0,0,0
80000200,2008,2,25,8,0,0,1,1,0,0,2,0,0,3,1,0,0,0,0,0,0,0,0
80000200,2008,2,26,10,1,0,1,1,2,2,1,0,0,2,0,0,0,0,0,0,0,0,0
80000200,2008,2,27,52,3,12,4,4,3,4,4,6,1,4,3,1,1,0,0,1,1,0,0
80000200,2008,2,28,3,0,0,0,0,0,0,1,0,2,0,0,0,0,0,0,0,0,0,0
80000200,2008,2,29,15,0,3,0,2,1,1,2,2,0,0,0,1,2,0,1,0,0,0,0
80000200,2009,1, 1,773,25,24,22,22,37,89,90,85,60,51,39,45,45,43,32,32,9,9,14
80000200,2009,1, 2,30,0,0,0,1,3,4,3,2,1,1,5,2,3,3,2,0,0,0,0
80000200,2009,1, 3,51,0,0,0,0,0,1,1,3,10,2,3,7,6,5,4,5,3,0,1
80000200,2009,1, 4,21,0,0,0,0,0,0,1,2,2,3,3,2,3,2,3,0,0,0,0
80000200,2009,1, 5,5,0,0,0,0,0,0,0,0,0,1,0,0,1,0,0,2,0,1,0
80000200,2009,1, 6,17,0,0,0,0,0,2,0,1,2,3,0,4,2,1,0,0,0,0,2
80000200,2009,1, 7,40,0,0,0,1,3,5,8,6,1,4,0,3,1,3,0,2,2,1,0
80000200,2009,1, 8,1,0,0,0,0,0,0,1,0,0,0,0,0,0,0,0,0,0,0,0
80000200,2009,1, 9,8,0,0,0,0,0,0,2,0,1,1,2,0,0,1,1,0,0,0,0
80000200,2009,1,10,6,0,0,0,0,0,0,0,0,1,0,1,3,0,0,0,1,0,0,0
80000200,2009,1,11,5,0,0,0,0,0,0,0,1,2,1,0,0,1,0,0,0,0,0,0
80000200,2009,1,12,16,0,1,2,1,3,2,2,2,0,1,0,0,1,0,0,0,0,0,1
80000200,2009,1,13,6,0,0,0,1,0,0,1,0,0,0,0,0,2,2,0,0,0,0,0
80000200,2009,1,14,16,1,3,2,4,0,1,2,0,0,2,1,0,0,0,0,0,0,0,0
80000200,2009,1,15,0,0,0,0,0,0,0,0,0,0,0,0,0,0,0,0,0,0,0,0
80000200,2009,1,16,0,0,0,0,0,0,0,0,0,0,0,0,0,0,0,0,0,0,0,0
80000200,2009,1,17,0,0,0,0,0,0,0,0,0,0,0,0,0,0,0,0,0,0,0,0
80000200,2009,1,18,0,0,0,0,0,0,0,0,0,0,0,0,0,0,0,0,0,0,0,0
80000200,2009,1,19,98,0,0,0,0,0,0,1,0,1,2,5,12,13,17,20,17,2,5,3
80000200,2009,1,20,3,0,0,1,1,0,1,0,0,0,0,0,0,0,0,0,0,0,0,0
80000200,2009,1,21,8,4,0,0,0,0,0,0,1,0,0,0,0,1,1,0,0,1,0,0
80000200,2009,1,22,3,0,0,0,0,1,0,2,0,0,0,0,0,0,0,0,0,0,0,0
80000200,2009,1,23,25,4,0,0,2,0,3,1,3,6,2,2,1,0,0,0,0,0,0,1
80000200,2009,1,24,6,1,0,0,0,0,0,0,1,1,0,0,2,1,0,0,0,0,0,0
80000200,2009,1,25,0,0,0,0,0,0,0,0,0,0,0,0,0,0,0,0,0,0,0,0
80000200,2009,1,26,10,1,0,1,1,0,2,1,1,1,1,0,0,0,0,1,0,0,0,0
80000200,2009,1,27,61,8,9,4,4,4,6,7,8,2,2,3,1,3,0,0,0,0,0,0
80000200,2009,1,28,6,0,0,0,0,0,1,0,0,0,0,0,2,0,2,0,1,0,0,0
80000200,2009,1,29,34,2,2,6,3,1,3,3,6,3,0,3,0,0,1,0,0,0,0,1
80000200,2009,2, 1,820,23,18,22,21,44,84,88,96,71,62,81,34,49,29,38,21,15,12,12
80000200,2009,2, 2,20,0,0,1,1,0,2,0,0,1,0,2,3,2,2,3,1,0,2,0
80000200,2009,2, 3,27,0,0,0,0,0,0,0,2,0,2,1,2,2,2,4,2,4,4,2
80000200,2009,2, 4,11,0,0,0,0,0,0,1,1,1,1,0,1,1,0,1,2,1,1,0
80000200,2009,2, 5,10,0,0,0,1,0,1,2,0,0,1,1,0,1,1,2,0,0,0,0
80000200,2009,2, 6,14,0,0,0,0,0,2,2,1,3,1,1,1,0,0,2,0,1,0,0
80000200,2009,2, 7,35,0,0,1,0,1,4,3,2,2,7,2,3,2,3,3,2,0,0,0
80000200,2009,2, 8,2,0,0,0,0,0,0,0,0,1,0,0,0,0,0,0,0,0,1,0
80000200,2009,2, 9,7,0,0,0,0,0,1,1,1,0,1,0,2,0,0,0,0,0,0,1
80000200,2009,2,10,0,0,0,0,0,0,0,0,0,0,0,0,0,0,0,0,0,0,0,0
80000200,2009,2,11,8,0,0,0,0,0,0,0,0,1,0,1,1,0,2,3,0,0,0,0
80000200,2009,2,12,12,1,1,2,3,1,1,1,0,1,0,0,0,0,0,0,0,0,0,1
80000200,2009,2,13,5,0,0,0,1,0,0,0,1,0,1,2,0,0,0,0,0,0,0,0
80000200,2009,2,14,11,0,0,3,0,1,2,0,1,0,0,1,1,2,0,0,0,0,0,0
80000200,2009,2,15,108,0,0,0,1,3,9,9,16,13,22,9,5,9,4,2,5,1,0,0
80000200,2009,2,16,190,0,0,0,0,1,10,23,35,24,20,36,5,15,6,6,2,4,1,2
80000200,2009,2,17,8,0,0,0,0,0,0,0,0,0,0,2,0,2,1,2,1,0,0,0
80000200,2009,2,18,19,0,0,0,0,1,0,0,1,2,3,2,3,3,0,1,0,1,1,1
80000200,2009,2,19,0,0,0,0,0,0,0,0,0,0,0,0,0,0,0,0,0,0,0,0
80000200,2009,2,20,0,0,0,0,0,0,0,0,0,0,0,0,0,0,0,0,0,0,0,0
80000200,2009,2,21,8,2,1,0,2,0,1,0,0,1,0,0,0,0,0,0,0,1,0,0
80000200,2009,2,22,5,0,0,0,0,1,0,0,0,0,0,0,0,0,1,1,0,0,2,0
80000200,2009,2,23,31,9,2,0,4,2,1,3,5,1,1,1,1,1,0,0,0,0,0,0
80000200,2009,2,24,8,1,2,2,0,1,0,0,0,2,0,0,0,0,0,0,0,0,0,0
80000200,2009,2,25,9,0,0,0,0,0,1,1,3,1,0,1,1,1,0,0,0,0,0,0
80000200,2009,2,26,6,0,0,0,0,0,1,3,0,0,0,0,0,0,0,0,0,0,0,2
80000200,2009,2,27,36,2,7,4,2,2,0,4,4,3,0,4,0,2,0,1,1,0,0,0
80000200,2009,2,28,4,0,0,0,0,0,0,0,0,0,0,1,1,1,0,0,0,1,0,0
80000200,2009,2,29,23,4,0,2,2,1,2,0,2,2,0,2,2,1,0,3,0,0,0,0
80000200,2010,1, 1,702,20,23,15,16,29,53,59,56,63,43,51,45,57,45,55,27,22,14,9
80000200,2010,1, 2,32,1,1,1,2,3,2,2,3,2,2,5,3,1,2,1,0,0,0,1
80000200,2010,1, 3,79,0,0,0,0,0,0,0,1,6,11,11,10,14,3,8,6,3,4,2
80000200,2010,1, 4,15,0,0,0,0,0,0,2,0,0,2,3,3,0,3,2,0,0,0,0
80000200,2010,1, 5,15,0,0,0,1,0,1,1,1,2,1,1,2,1,2,1,0,0,1,0
80000200,2010,1, 6,12,0,0,0,1,0,0,2,0,0,0,1,4,3,0,1,0,0,0,0
80000200,2010,1, 7,45,0,0,0,0,3,6,4,7,5,3,2,2,1,2,4,2,2,1,1
80000200,2010,1, 8,0,0,0,0,0,0,0,0,0,0,0,0,0,0,0,0,0,0,0,0
80000200,2010,1, 9,9,0,0,0,0,0,0,2,0,2,0,0,1,1,1,0,1,1,0,0
80000200,2010,1,10,9,0,0,0,0,0,0,1,1,0,1,2,0,2,0,0,0,0,2,0
80000200,2010,1,11,11,1,0,0,0,0,0,0,0,0,3,1,2,1,2,1,0,0,0,0
80000200,2010,1,12,4,0,0,0,1,1,1,0,0,0,0,1,0,0,0,0,0,0,0,0
80000200,2010,1,13,7,0,1,0,0,0,0,0,1,0,2,0,0,2,0,0,1,0,0,0
80000200,2010,1,14,13,1,3,1,0,2,0,2,1,2,0,0,0,0,1,0,0,0,0,0
80000200,2010,1,15,0,0,0,0,0,0,0,0,0,0,0,0,0,0,0,0,0,0,0,0
80000200,2010,1,16,0,0,0,0,0,0,0,0,0,0,0,0,0,0,0,0,0,0,0,0
80000200,2010,1,17,0,0,0,0,0,0,0,0,0,0,0,0,0,0,0,0,0,0,0,0
80000200,2010,1,18,0,0,0,0,0,0,0,0,0,0,0,0,0,0,0,0,0,0,0,0
80000200,2010,1,19,103,0,0,0,0,0,0,0,0,2,0,6,7,14,17,29,15,9,4,0
80000200,2010,1,20,2,0,0,0,1,0,0,0,0,0,0,1,0,0,0,0,0,0,0,0
80000200,2010,1,21,4,1,1,1,0,0,0,1,0,0,0,0,0,0,0,0,0,0,0,0
80000200,2010,1,22,4,0,0,0,0,1,0,1,0,0,0,0,1,1,0,0,0,0,0,0
80000200,2010,1,23,22,4,3,1,0,0,2,1,3,2,1,0,2,0,0,0,1,0,0,2
80000200,2010,1,24,8,2,0,0,1,1,0,1,0,0,1,0,0,0,0,1,1,0,0,0
80000200,2010,1,25,4,0,0,0,0,0,0,0,0,2,0,1,1,0,0,0,0,0,0,0
80000200,2010,1,26,17,1,1,2,5,1,0,0,2,1,1,0,1,1,0,1,0,0,0,0
80000200,2010,1,27,49,2,10,6,1,2,7,5,1,4,3,3,1,1,1,1,0,1,0,0
80000200,2010,1,28,6,0,0,0,0,0,0,0,0,0,0,0,1,2,1,1,0,1,0,0
80000200,2010,1,29,17,2,1,1,1,0,3,2,1,0,1,1,0,1,3,0,0,0,0,0
80000200,2010,2, 1,847,26,3,14,15,47,70,84,109,73,83,71,52,66,34,32,24,23,6,15
80000200,2010,2, 2,13,1,0,0,0,1,2,1,0,1,1,3,0,1,1,0,0,1,0,0
80000200,2010,2, 3,43,0,0,0,1,0,1,0,1,3,3,1,5,8,3,4,7,3,2,1
80000200,2010,2, 4,9,0,0,0,0,0,0,0,0,1,0,1,0,2,2,1,0,1,1,0
80000200,2010,2, 5,17,0,0,0,0,2,1,0,0,1,2,0,1,4,3,2,1,0,0,0
80000200,2010,2, 6,9,0,0,0,0,0,0,2,1,2,1,0,1,0,0,1,0,1,0,0
80000200,2010,2, 7,20,0,0,0,0,1,1,1,4,0,3,2,1,3,0,1,3,0,0,0
80000200,2010,2, 8,0,0,0,0,0,0,0,0,0,0,0,0,0,0,0,0,0,0,0,0
80000200,2010,2, 9,8,0,0,0,0,0,0,0,0,2,0,1,1,1,0,1,2,0,0,0
80000200,2010,2,10,1,0,0,0,0,0,0,0,0,0,0,0,0,0,0,0,0,0,1,0
80000200,2010,2,11,8,0,0,0,1,0,0,1,1,0,0,0,1,2,1,0,1,0,0,0
80000200,2010,2,12,10,0,0,4,1,1,0,2,1,0,0,0,1,0,0,0,0,0,0,0
80000200,2010,2,13,5,0,0,0,0,0,0,0,0,0,0,2,0,2,1,0,0,0,0,0
80000200,2010,2,14,8,0,0,0,1,1,0,1,1,0,0,3,0,0,0,0,0,0,0,1
80000200,2010,2,15,147,0,0,0,0,4,8,19,29,13,20,19,10,10,4,3,2,3,0,3
80000200,2010,2,16,197,0,0,0,0,1,10,19,33,32,27,17,13,15,8,10,4,7,0,1
80000200,2010,2,17,10,0,0,0,0,0,0,0,0,1,2,3,2,0,1,0,0,1,0,0
80000200,2010,2,18,33,0,0,1,1,4,2,0,5,1,1,5,2,3,2,4,0,0,0,2
80000200,2010,2,19,0,0,0,0,0,0,0,0,0,0,0,0,0,0,0,0,0,0,0,0
80000200,2010,2,20,0,0,0,0,0,0,0,0,0,0,0,0,0,0,0,0,0,0,0,0
80000200,2010,2,21,10,4,0,0,0,0,1,0,1,0,1,0,0,1,0,0,1,1,0,0
80000200,2010,2,22,4,0,0,0,0,0,0,0,0,0,1,1,0,1,0,0,0,0,1,0
80000200,2010,2,23,30,4,0,2,2,3,1,1,10,2,0,2,0,1,0,0,0,0,0,2
80000200,2010,2,24,17,2,0,1,0,0,1,0,0,2,2,2,1,2,0,1,0,2,1,0
80000200,2010,2,25,11,0,0,0,0,1,1,0,0,1,2,0,4,1,0,0,1,0,0,0
80000200,2010,2,26,15,2,1,0,1,0,3,1,2,1,0,0,1,0,1,0,1,0,0,1
80000200,2010,2,27,41,8,0,4,2,2,7,7,3,2,1,1,0,2,0,0,0,1,0,1
80000200,2010,2,28,8,0,1,0,0,0,0,0,0,1,3,0,0,1,2,0,0,0,0,0
80000200,2010,2,29,18,1,0,1,2,3,1,2,1,0,1,2,1,1,0,1,1,0,0,0
80000200,2011,1, 1,666,20,18,12,22,36,44,57,74,60,43,49,32,54,35,43,27,29,5,6
80000200,2011,1, 2,27,0,0,0,0,2,4,1,5,4,3,3,2,0,0,1,2,0,0,0
80000200,2011,1, 3,49,0,0,0,0,0,0,0,1,4,6,13,6,5,5,5,0,4,0,0
80000200,2011,1, 4,17,0,0,0,0,0,1,0,1,2,3,2,0,3,1,3,0,0,1,0
80000200,2011,1, 5,17,0,0,0,1,1,0,1,1,5,1,1,2,2,1,0,1,0,0,0
80000200,2011,1, 6,16,0,0,0,1,0,0,0,0,2,1,1,2,2,3,2,1,1,0,0
80000200,2011,1, 7,41,0,0,0,1,4,4,4,4,3,3,6,4,2,2,2,1,1,0,0
80000200,2011,1, 8,0,0,0,0,0,0,0,0,0,0,0,0,0,0,0,0,0,0,0,0
80000200,2011,1, 9,6,0,0,0,0,0,0,1,0,0,2,1,1,1,0,0,0,0,0,0
80000200,2011,1,10,10,0,0,0,0,0,0,0,0,0,0,3,0,4,0,1,2,0,0,0
80000200,2011,1,11,10,0,0,0,0,1,0,2,1,1,1,1,1,2,0,0,0,0,0,0
80000200,2011,1,12,16,0,1,2,1,4,2,1,2,2,1,0,0,0,0,0,0,0,0,0
80000200,2011,1,13,0,0,0,0,0,0,0,0,0,0,0,0,0,0,0,0,0,0,0,0
80000200,2011,1,14,23,1,0,1,4,2,1,5,6,0,0,0,1,0,1,0,1,0,0,0
80000200,2011,1,15,0,0,0,0,0,0,0,0,0,0,0,0,0,0,0,0,0,0,0,0
80000200,2011,1,16,0,0,0,0,0,0,0,0,0,0,0,0,0,0,0,0,0,0,0,0
80000200,2011,1,17,0,0,0,0,0,0,0,0,0,0,0,0,0,0,0,0,0,0,0,0
80000200,2011,1,18,0,0,0,0,0,0,0,0,0,0,0,0,0,0,0,0,0,0,0,0
80000200,2011,1,19,105,0,0,0,0,0,0,0,0,0,2,7,3,21,11,23,15,19,2,2
80000200,2011,1,20,4,0,0,0,0,1,1,0,1,0,1,0,0,0,0,0,0,0,0,0
80000200,2011,1,21,9,4,1,0,0,0,0,2,0,2,0,0,0,0,0,0,0,0,0,0
80000200,2011,1,22,11,0,0,0,0,1,0,0,0,0,0,0,3,4,0,0,1,2,0,0
80000200,2011,1,23,19,3,0,0,1,0,1,3,4,6,1,0,0,0,0,0,0,0,0,0
80000200,2011,1,24,14,0,0,1,1,3,0,2,2,1,1,0,0,1,0,0,1,0,1,0
80000200,2011,1,25,5,0,1,0,0,0,0,0,1,0,0,0,0,0,2,1,0,0,0,0
80000200,2011,1,26,10,0,1,1,0,3,0,0,1,1,0,0,0,0,3,0,0,0,0,0
80000200,2011,1,27,34,8,5,3,4,3,0,2,4,0,1,1,0,0,2,1,0,0,0,0
80000200,2011,1,28,3,0,0,0,0,0,0,0,0,0,1,1,0,1,0,0,0,0,0,0
80000200,2011,1,29,28,1,8,3,4,3,2,1,1,2,1,0,0,0,1,1,0,0,0,0
80000200,2011,2, 1,869,18,11,16,23,54,84,103,92,93,75,79,46,52,38,43,10,9,17,6
80000200,2011,2, 2,19,0,0,1,4,1,2,3,1,1,1,0,0,2,1,0,1,1,0,0
80000200,2011,2, 3,36,0,0,0,0,0,1,0,0,1,4,2,5,3,6,5,2,1,5,1
80000200,2011,2, 4,9,0,0,0,0,0,0,0,0,0,0,2,0,4,0,3,0,0,0,0
80000200,2011,2, 5,11,0,0,0,0,0,0,0,1,0,1,0,1,3,1,3,0,1,0,0
80000200,2011,2, 6,20,0,0,0,0,0,1,3,3,1,3,2,1,2,1,2,1,0,0,0
80000200,2011,2, 7,38,1,0,0,0,0,6,4,3,4,5,1,2,6,2,1,2,0,1,0
80000200,2011,2, 8,0,0,0,0,0,0,0,0,0,0,0,0,0,0,0,0,0,0,0,0
80000200,2011,2, 9,4,0,0,0,0,0,0,0,0,1,1,0,1,0,0,1,0,0,0,0
80000200,2011,2,10,2,0,0,0,0,0,0,0,0,0,1,0,0,0,0,1,0,0,0,0
80000200,2011,2,11,7,0,0,0,0,0,0,0,0,2,1,1,2,0,1,0,0,0,0,0
80000200,2011,2,12,9,0,0,2,2,2,3,0,0,0,0,0,0,0,0,0,0,0,0,0
80000200,2011,2,13,6,0,0,0,0,0,0,1,0,0,0,1,1,0,0,0,0,0,2,1
80000200,2011,2,14,17,1,2,0,1,4,1,2,4,0,0,1,1,0,0,0,0,0,0,0
80000200,2011,2,15,113,0,0,0,0,5,8,14,15,14,17,21,8,2,4,2,1,1,0,1
80000200,2011,2,16,232,0,0,0,1,2,17,26,35,36,24,30,13,15,12,11,1,4,4,1
80000200,2011,2,17,16,0,0,0,0,0,0,0,4,2,1,2,1,1,1,4,0,0,0,0
80000200,2011,2,18,34,0,0,1,0,2,1,6,4,3,5,3,2,4,0,2,0,0,1,0
80000200,2011,2,19,0,0,0,0,0,0,0,0,0,0,0,0,0,0,0,0,0,0,0,0
80000200,2011,2,20,0,0,0,0,0,0,0,0,0,0,0,0,0,0,0,0,0,0,0,0
80000200,2011,2,21,11,4,0,0,1,1,1,1,0,2,0,1,0,0,0,0,0,0,0,0
80000200,2011,2,22,5,0,0,0,0,0,0,0,0,0,0,1,0,2,0,0,0,0,2,0
80000200,2011,2,23,28,5,2,0,1,4,2,4,4,4,1,0,0,0,0,0,0,0,0,1
80000200,2011,2,24,12,1,0,1,2,1,1,1,0,2,0,0,1,0,0,1,0,0,0,1
80000200,2011,2,25,8,1,0,0,0,0,1,3,1,0,1,0,0,0,0,1,0,0,0,0
80000200,2011,2,26,11,1,0,1,0,4,3,1,0,0,0,0,1,0,0,0,0,0,0,0
80000200,2011,2,27,41,1,6,6,2,4,3,5,2,2,2,4,0,1,1,2,0,0,0,0
80000200,2011,2,28,3,0,0,0,0,0,0,0,0,0,0,0,0,0,1,1,0,0,1,0
80000200,2011,2,29,23,2,0,0,3,2,4,0,1,1,1,2,2,0,0,2,2,1,0,0
80000200,2012,1, 1,708,16,11,20,18,30,62,69,59,49,48,57,37,57,44,40,39,21,18,13
80000200,2012,1, 2,48,0,0,1,1,4,0,4,4,4,3,9,2,7,3,1,2,2,0,1
80000200,2012,1, 3,56,0,0,0,0,0,0,0,3,3,8,10,6,10,5,5,4,1,1,0
80000200,2012,1, 4,12,0,0,0,0,0,0,1,0,2,2,1,1,1,0,4,0,0,0,0
80000200,2012,1, 5,13,0,0,0,0,1,1,1,0,0,1,2,1,1,5,0,0,0,0,0
80000200,2012,1, 6,9,0,0,0,0,0,1,0,1,1,1,2,1,0,1,0,1,0,0,0
80000200,2012,1, 7,45,1,0,1,1,2,7,5,3,4,5,2,5,2,3,0,2,1,0,1
80000200,2012,1, 8,1,0,0,0,0,0,0,0,0,0,0,0,0,0,0,0,0,1,0,0
80000200,2012,1, 9,7,0,0,0,0,0,0,0,2,1,1,1,0,1,0,0,1,0,0,0
80000200,2012,1,10,3,0,0,0,0,0,0,0,0,0,0,0,1,0,2,0,0,0,0,0
80000200,2012,1,11,8,0,0,0,0,0,0,1,0,0,1,1,1,0,1,3,0,0,0,0
80000200,2012,1,12,12,0,1,3,3,1,1,1,0,1,0,0,0,0,0,1,0,0,0,0
80000200,2012,1,13,1,0,0,0,0,0,0,0,0,0,0,0,0,0,1,0,0,0,0,0
80000200,2012,1,14,7,0,0,1,0,1,2,0,0,1,0,0,0,0,0,0,0,2,0,0
80000200,2012,1,15,0,0,0,0,0,0,0,0,0,0,0,0,0,0,0,0,0,0,0,0
80000200,2012,1,16,0,0,0,0,0,0,0,0,0,0,0,0,0,0,0,0,0,0,0,0
80000200,2012,1,17,0,0,0,0,0,0,0,0,0,0,0,0,0,0,0,0,0,0,0,0
80000200,2012,1,18,0,0,0,0,0,0,0,0,0,0,0,0,0,0,0,0,0,0,0,0
80000200,2012,1,19,131,0,0,0,0,0,1,1,2,1,1,6,6,28,14,21,23,9,14,4
80000200,2012,1,20,1,0,0,0,0,0,0,1,0,0,0,0,0,0,0,0,0,0,0,0
80000200,2012,1,21,14,6,1,1,0,0,0,1,0,1,0,1,2,0,0,0,1,0,0,0
80000200,2012,1,22,7,0,0,0,0,0,0,0,1,0,0,0,3,0,0,1,0,1,1,0
80000200,2012,1,23,22,2,0,1,0,1,2,4,1,3,3,1,0,0,2,0,0,1,0,1
80000200,2012,1,24,13,0,0,0,1,1,2,2,0,1,0,4,0,2,0,0,0,0,0,0
80000200,2012,1,25,4,0,0,0,0,2,0,0,0,0,1,0,0,1,0,0,0,0,0,0
80000200,2012,1,26,16,0,2,3,4,2,0,2,3,0,0,0,0,0,0,0,0,0,0,0
80000200,2012,1,27,45,3,3,6,1,7,4,1,4,3,4,5,1,0,2,0,0,1,0,0
80000200,2012,1,28,3,0,0,0,0,0,0,0,0,1,1,0,0,1,0,0,0,0,0,0
80000200,2012,1,29,13,2,3,0,0,1,3,1,0,0,2,1,0,0,0,0,0,0,0,0
80000200,2012,2, 1,992,11,14,14,17,47,94,96,111,113,105,103,51,71,38,47,22,22,8,8
80000200,2012,2, 2,24,0,0,0,1,2,3,0,4,2,1,2,4,3,0,1,1,0,0,0
80000200,2012,2, 3,39,0,0,0,0,0,1,2,0,2,1,6,6,6,3,6,1,3,2,0
80000200,2012,2, 4,11,0,0,0,0,0,1,0,0,1,2,1,1,0,2,2,0,1,0,0
80000200,2012,2, 5,13,0,0,0,0,0,0,0,1,1,2,1,1,5,2,0,0,0,0,0
80000200,2012,2, 6,17,0,0,1,0,0,1,0,2,1,2,4,0,2,1,2,1,0,0,0
80000200,2012,2, 7,35,0,0,0,0,1,4,5,0,2,5,5,2,1,2,2,3,3,0,0
80000200,2012,2, 8,1,0,0,0,0,0,0,0,0,0,0,0,0,0,0,0,1,0,0,0
80000200,2012,2, 9,8,0,0,0,0,0,0,0,0,2,0,1,0,1,0,2,0,1,1,0
80000200,2012,2,10,2,0,0,0,0,1,0,0,0,0,0,0,0,0,1,0,0,0,0,0
80000200,2012,2,11,9,0,0,0,0,0,0,1,0,0,1,1,1,1,0,2,2,0,0,0
80000200,2012,2,12,13,0,2,3,2,2,2,0,1,0,1,0,0,0,0,0,0,0,0,0
80000200,2012,2,13,7,0,0,0,0,1,0,0,0,0,1,1,1,1,0,0,0,1,0,1
80000200,2012,2,14,16,0,4,2,1,0,3,2,1,1,1,1,0,0,0,0,0,0,0,0
80000200,2012,2,15,139,0,0,0,0,2,17,10,13,13,23,19,7,17,6,4,5,2,1,0
80000200,2012,2,16,279,0,0,0,0,5,14,24,50,51,40,34,14,18,9,12,1,2,2,3
80000200,2012,2,17,29,0,0,0,0,0,1,3,2,2,4,2,1,5,3,3,1,2,0,0
80000200,2012,2,18,38,0,0,0,1,1,3,4,3,3,2,8,0,4,0,5,2,1,0,1
80000200,2012,2,19,0,0,0,0,0,0,0,0,0,0,0,0,0,0,0,0,0,0,0,0
80000200,2012,2,20,0,0,0,0,0,0,0,0,0,0,0,0,0,0,0,0,0,0,0,0
80000200,2012,2,21,9,2,3,0,0,0,1,1,0,0,0,0,2,0,0,0,0,0,0,0
80000200,2012,2,22,11,0,0,0,1,1,0,1,0,0,1,1,0,0,2,1,1,1,1,0
80000200,2012,2,23,20,4,1,1,0,1,1,2,2,3,3,0,0,1,0,0,0,0,0,1
80000200,2012,2,24,7,1,0,1,0,1,0,0,0,1,1,0,0,1,0,0,1,0,0,0
80000200,2012,2,25,8,0,0,0,0,0,0,0,4,1,1,0,1,1,0,0,0,0,0,0
80000200,2012,2,26,12,0,0,1,0,1,2,3,2,1,0,0,0,0,1,1,0,0,0,0
80000200,2012,2,27,35,2,2,1,0,4,4,3,2,5,1,1,3,0,2,0,2,1,1,1
80000200,2012,2,28,5,0,0,0,0,0,0,1,0,1,0,0,2,1,0,0,0,0,0,0
80000200,2012,2,29,14,1,0,2,1,2,0,2,1,1,1,0,1,0,1,1,0,0,0,0
